transaction_id,timestamp,sender_id,receiver_id,amount,merchant_category,transaction_type,location,device_type,upi_channel,hour_of_day,day_of_week,risk_label,historical_avg_amount,amount_deviation,hour,day_of_week_num,day,month,is_weekend,is_night,sender_avg_amount,sender_transaction_count,amount_vs_sender_avg,sender_unique_receivers,is_high_amount,iqr_outlier
TXN000001,2026-09-18 00:00:00,USER0655,MERCHANT0173,297.89,Utilities,Bill Payment,Pune,Android,PhonePe,0,Thursday,1,327.78,-29.89,0,4,18,9,0,1,327.78,2,0.9088107877234732,2,0,0
TXN000149,2026-09-18 00:00:00,USER0406,MERCHANT0292,305.5,Utilities,P2M,Hyderanbad,Android,BHIM,16,Tuesday,0,170.93,134.57,0,4,18,9,0,1,170.93,2,1.7872813432399226,2,0,0
TXN000186,2026-09-18 00:00:00,USER0395,MERCHANT0331,370.18,Entertainment,Recharge,Bangalore,Web,PhonePe,8,Tuesday,0,196.39,173.79,0,4,18,9,0,1,370.18,1,1.0,1,0,0
TXN000223,2026-09-18 00:00:00,USER0520,MERCHANT0275,360.06,Utilities,Recharge,Bangalore,Web,Paytm,0,Tuesday,1,211.15,148.91,0,4,18,9,0,1,360.06,1,1.0,1,0,0
TXN000260,2026-09-18 00:00:00,USER0581,MERCHANT0327,393.32,Utilities,P2P,Pune,Android,Google Pay,16,Monday,0,531.62,-138.3,0,4,18,9,0,1,393.32,1,1.0,1,0,0
TXN000297,2026-09-18 00:00:00,USER0449,MERCHANT0128,445.68,Grocery,Bill Payment,Mumbai,ios,BHIM,8,Monday,0,259.41,186.27,0,4,18,9,0,1,259.41,2,1.7180525037585288,2,0,0
TXN000334,2026-09-18 00:00:00,USER0904,MERCHANT0123,92.1,Food,Recharge,Delhi,Android,Paytm,0,Monday,1,92.1,0.0,0,4,18,9,0,1,92.1,1,1.0,1,0,0
TXN000371,2026-09-18 00:00:00,USER0144,MERCHANT0332,185.77,Utilities,P2M,Mumbai,ios,BHIM,16,Sunday,0,185.77,0.0,0,4,18,9,0,1,185.77,1,1.0,1,0,0
TXN000408,2026-09-18 00:00:00,USER0003,MERCHANT0310,157.22,Healthcare,P2P,Pune,ios,Google Pay,8,Sunday,0,157.22,0.0,0,4,18,9,0,1,157.22,1,1.0,1,0,0
TXN000445,2026-09-18 00:00:00,USER0162,MERCHANT0179,49.18,Travel,P2P,Chennai,ios,Google Pay,0,Sunday,1,170.91,-121.73,0,4,18,9,0,1,170.91333333333333,3,0.2877481764637048,3,0,0
TXN000482,2026-09-18 00:00:00,USER0272,MERCHANT0212,69.72,Entertainment,P2P,Hyderanbad,ios,BHIM,16,Saturday,0,148.86,-79.14,0,4,18,9,0,1,69.72,1,1.0,1,0,0
TXN000519,2026-09-18 00:00:00,USER0627,MERCHANT0116,200.2,Shopping,Recharge,Chennai,Web,Google Pay,8,Saturday,0,200.2,0.0,0,4,18,9,0,1,200.2,1,1.0,1,0,0
TXN000556,2026-09-18 00:00:00,USER0930,MERCHANT0405,120.08,Grocery,P2M,Pune,Web,PhonePe,0,Saturday,1,120.08,0.0,0,4,18,9,0,1,120.08,1,1.0,1,0,0
TXN000593,2026-09-18 00:00:00,USER0441,MERCHANT0197,292.65,Healthcare,Recharge,Hyderanbad,Web,Paytm,16,Friday,0,316.91,-24.26,0,4,18,9,0,1,316.915,2,0.9234337282867646,2,0,0
TXN000630,2026-09-18 00:00:00,USER0903,MERCHANT0370,541.42,Shopping,Recharge,Pune,Web,PhonePe,8,Friday,0,320.83,220.59,0,4,18,9,0,1,320.83,2,1.687560390237821,2,0,0
TXN000667,2026-09-18 00:00:00,USER0229,MERCHANT0121,140.47,Utilities,P2P,Pune,Web,PhonePe,0,Friday,1,509.92,-369.45,0,4,18,9,0,1,140.47,1,1.0,1,0,0
TXN000704,2026-09-18 00:00:00,USER0322,MERCHANT0088,44.32,Food,Recharge,Chennai,Web,BHIM,16,Thursday,0,257.26,-212.94,0,4,18,9,0,1,264.95666666666665,3,0.1672726357769195,3,0,0
TXN000741,2026-09-18 00:00:00,USER0738,MERCHANT0218,28.76,Shopping,P2P,Bangalore,Web,BHIM,8,Thursday,0,28.76,0.0,0,4,18,9,0,1,28.76,1,1.0,1,0,0
TXN000778,2026-09-18 00:00:00,USER0330,MERCHANT0463,141.53,Shopping,P2M,Mumbai,Android,PhonePe,0,Thursday,1,141.53,0.0,0,4,18,9,0,1,141.53,1,1.0,1,0,0
TXN000815,2026-09-18 00:00:00,USER0626,MERCHANT0466,508.69,Utilities,P2P,Bangalore,Android,BHIM,16,Wednesday,0,508.69,0.0,0,4,18,9,0,1,508.69,1,1.0,1,0,0
TXN000852,2026-09-18 00:00:00,USER0256,MERCHANT0495,104.01,Healthcare,P2P,Pune,ios,Google Pay,8,Wednesday,0,80.12,23.89,0,4,18,9,0,1,104.01,1,1.0,1,0,0
TXN000889,2026-09-18 00:00:00,USER0653,MERCHANT0453,327.23,Entertainment,Bill Payment,Bangalore,Web,Paytm,0,Wednesday,1,177.58,149.65,0,4,18,9,0,1,177.57500000000002,2,1.8427706602843867,2,0,0
TXN000926,2026-09-18 00:00:00,USER0853,MERCHANT0485,39.52,Shopping,Recharge,Bangalore,ios,BHIM,16,Tuesday,0,39.52,0.0,0,4,18,9,0,1,39.52,1,1.0,1,0,0
TXN000963,2026-09-18 00:00:00,USER0447,MERCHANT0142,220.64,Shopping,P2P,Hyderanbad,Web,BHIM,8,Tuesday,0,268.41,-47.77,0,4,18,9,0,1,129.43,2,1.7047052460789611,2,0,0
TXN000112,2026-09-18 00:00:00,USER0176,MERCHANT0326,176.53,Shopping,Bill Payment,Hyderanbad,Web,BHIM,0,Wednesday,1,176.53,0.0,0,4,18,9,0,1,176.53,1,1.0,1,0,0
TXN000075,2026-09-18 00:00:00,USER0634,MERCHANT0039,13.2,Utilities,Recharge,Bangalore,ios,PhonePe,8,Wednesday,0,13.2,0.0,0,4,18,9,0,1,13.2,1,1.0,1,0,0
TXN001000,2026-09-18 00:00:00,USER0335,MERCHANT0404,321.37,Food,Recharge,Delhi,Web,BHIM,0,Tuesday,1,203.27,118.1,0,4,18,9,0,1,203.27,2,1.5810006395434644,2,0,0
TXN000038,2026-09-18 00:00:00,USER0891,MERCHANT0243,25.54,Utilities,Recharge,Pune,ios,Paytm,16,Wednesday,0,25.54,0.0,0,4,18,9,0,1,25.54,1,1.0,1,0,0
TXN000220,2026-09-18 01:37:18,USER0513,MERCHANT0162,196.74,Shopping,P2M,Chennai,Android,Paytm,11,Monday,1,196.74,0.0,1,4,18,9,0,1,196.74,1,1.0,1,0,0
TXN000405,2026-09-18 01:37:18,USER0061,MERCHANT0222,115.58,Shopping,Recharge,Mumbai,Web,Paytm,19,Saturday,0,150.35,-34.77,1,4,18,9,0,1,150.35,2,0.768739607582308,2,0,0
TXN000590,2026-09-18 01:37:18,USER0597,MERCHANT0358,77.01,Food,P2M,Bangalore,ios,BHIM,3,Friday,1,77.01,0.0,1,4,18,9,0,1,77.01,1,1.0,1,0,0
TXN000479,2026-09-18 01:37:18,USER0734,MERCHANT0446,3939.78,Shopping,P2P,Mumbai,ios,Paytm,3,Saturday,1,2101.86,1837.92,1,4,18,9,0,1,3939.78,1,1.0,1,0,1
TXN000923,2026-09-18 01:37:18,USER0426,MERCHANT0487,207.05,Healthcare,P2P,Bangalore,Web,BHIM,3,Tuesday,1,207.05,0.0,1,4,18,9,0,1,207.05,1,1.0,1,0,0
TXN000257,2026-09-18 01:37:18,USER0060,MERCHANT0358,643.49,Grocery,Recharge,Delhi,Android,PhonePe,3,Monday,1,337.36,306.13,1,4,18,9,0,1,337.36,2,1.9074282665401945,2,0,0
TXN000775,2026-09-18 01:37:18,USER0594,MERCHANT0382,337.58,Healthcare,P2M,Mumbai,Android,Google Pay,11,Wednesday,0,196.55,141.03,1,4,18,9,0,1,337.58,1,1.0,1,0,0
TXN000701,2026-09-18 01:37:18,USER0354,MERCHANT0350,107.48,Food,Recharge,Chennai,Web,PhonePe,3,Thursday,1,107.48,0.0,1,4,18,9,0,1,107.48,1,1.0,1,0,0
TXN000738,2026-09-18 01:37:18,USER0680,MERCHANT0154,484.29,Utilities,Recharge,Pune,ios,Paytm,19,Wednesday,0,412.99,71.3,1,4,18,9,0,1,359.66,2,1.346521714953011,2,0,0
TXN000627,2026-09-18 01:37:18,USER0820,MERCHANT0467,67.38,Grocery,P2M,Pune,Android,PhonePe,19,Thursday,0,261.35,-193.97,1,4,18,9,0,1,67.38,1,1.0,1,0,0
TXN000146,2026-09-18 01:37:18,USER0218,MERCHANT0125,396.16,Entertainment,Recharge,Mumbai,Web,Paytm,3,Tuesday,1,396.16,0.0,1,4,18,9,0,1,396.16,1,1.0,1,0,0
TXN000553,2026-09-18 01:37:18,USER0501,MERCHANT0036,582.76,Food,Recharge,Hyderanbad,ios,Paytm,11,Friday,0,347.75,235.01,1,4,18,9,0,1,582.76,1,1.0,1,0,0
TXN000331,2026-09-18 01:37:18,USER0136,MERCHANT0339,179.07,Shopping,Recharge,Mumbai,Android,Google Pay,11,Sunday,0,248.68,-69.61,1,4,18,9,0,1,248.68,2,0.7200820331349524,2,0,0
TXN000368,2026-09-18 01:37:18,USER0195,MERCHANT0059,183.57,Travel,Recharge,Pune,Web,PhonePe,3,Sunday,1,323.03,-139.46,1,4,18,9,0,1,183.57,1,1.0,1,0,0
TXN000294,2026-09-18 01:37:18,USER0688,MERCHANT0486,423.94,Travel,Bill Payment,Pune,ios,Paytm,19,Sunday,0,254.51,169.43,1,4,18,9,0,1,423.94,1,1.0,1,0,0
TXN000183,2026-09-18 01:37:18,USER0433,MERCHANT0124,62.12,Utilities,P2M,Chennai,Android,Google Pay,19,Monday,0,140.09,-77.97,1,4,18,9,0,1,142.07666666666668,3,0.4372287262745465,3,0,0
TXN000664,2026-09-18 01:37:18,USER0815,MERCHANT0019,105.27,Food,Recharge,Pune,Web,BHIM,11,Thursday,0,105.27,0.0,1,4,18,9,0,1,105.27,1,1.0,1,0,0
TXN000849,2026-09-18 01:37:18,USER0476,MERCHANT0039,95.8,Travel,P2P,Hyderanbad,Android,Google Pay,19,Tuesday,0,100.07,-4.27,1,4,18,9,0,1,100.075,2,0.9572820384711468,2,0,0
TXN000072,2026-09-18 01:37:18,USER0301,MERCHANT0483,843.9,Shopping,Recharge,Chennai,Web,BHIM,19,Tuesday,0,573.65,270.25,1,4,18,9,0,1,843.9,1,1.0,1,0,1
TXN000997,2026-09-18 01:37:18,USER0336,MERCHANT0169,1094.1,Healthcare,P2M,Chennai,ios,PhonePe,11,Monday,0,1094.1,0.0,1,4,18,9,0,1,1094.1,1,1.0,1,0,1
TXN000812,2026-09-18 01:37:18,USER0048,MERCHANT0375,116.78,Travel,P2P,Delhi,Web,PhonePe,3,Wednesday,1,116.78,0.0,1,4,18,9,0,1,116.78,1,1.0,1,0,0
TXN000109,2026-09-18 01:37:18,USER0074,MERCHANT0222,234.52,Grocery,P2P,Bangalore,ios,BHIM,11,Tuesday,0,234.52,0.0,1,4,18,9,0,1,234.52,1,1.0,1,0,0
TXN000516,2026-09-18 01:37:18,USER0557,MERCHANT0283,385.83,Shopping,Recharge,Pune,Web,Paytm,19,Friday,0,385.83,0.0,1,4,18,9,0,1,385.83,1,1.0,1,0,0
TXN000886,2026-09-18 01:37:18,USER0770,MERCHANT0242,1149.07,Shopping,Bill Payment,Mumbai,Web,Google Pay,11,Tuesday,0,509.49,639.58,1,4,18,9,0,1,674.3149999999999,2,1.7040552264149544,2,0,1
TXN000442,2026-09-18 01:37:18,USER0942,MERCHANT0497,175.44,Grocery,P2P,Pune,Web,Paytm,11,Saturday,0,101.42,74.02,1,4,18,9,0,1,101.42,2,1.729836324196411,2,0,0
TXN000960,2026-09-18 01:37:18,USER0500,MERCHANT0184,283.64,Utilities,Bill Payment,Hyderanbad,Android,BHIM,19,Monday,0,283.64,0.0,1,4,18,9,0,1,283.64,1,1.0,1,0,0
TXN000035,2026-09-18 01:37:18,USER0604,MERCHANT0079,412.63,Travel,P2P,Delhi,Web,Google Pay,3,Wednesday,1,412.63,0.0,1,4,18,9,0,1,412.63,1,1.0,1,0,0
TXN000032,2026-09-18 03:14:36,USER0430,MERCHANT0430,1155.49,Entertainment,Recharge,Pune,Android,PhonePe,14,Tuesday,0,468.18,687.31,3,4,18,9,0,1,648.955,2,1.780539482706813,2,0,1
TXN000180,2026-09-18 03:14:36,USER0164,MERCHANT0251,2752.24,Entertainment,P2M,Pune,Web,BHIM,6,Monday,0,993.21,1759.03,3,4,18,9,0,1,1483.6999999999998,2,1.8549841612185756,2,0,1
TXN000846,2026-09-18 03:14:36,USER0981,MERCHANT0059,296.62,Grocery,Recharge,Bangalore,ios,Google Pay,6,Tuesday,0,251.91,44.71,3,4,18,9,0,1,250.06,2,1.18619531312485,2,0,0
TXN000809,2026-09-18 03:14:36,USER0204,MERCHANT0018,636.35,Healthcare,P2P,Delhi,Android,BHIM,14,Tuesday,0,294.47,341.88,3,4,18,9,0,1,413.035,2,1.5406684663527304,2,0,0
TXN000439,2026-09-18 03:14:36,USER0599,MERCHANT0326,33.0,Utilities,Bill Payment,Delhi,Android,BHIM,22,Friday,0,238.16,-205.16,3,4,18,9,0,1,33.0,1,1.0,1,0,0
TXN000735,2026-09-18 03:14:36,USER0339,MERCHANT0484,507.33,Entertainment,Recharge,Pune,Web,BHIM,6,Wednesday,0,352.04,155.29,3,4,18,9,0,1,352.0433333333333,3,1.441101000823762,3,0,0
TXN000587,2026-09-18 03:14:36,USER0037,MERCHANT0165,114.51,Utilities,P2P,Bangalore,Web,PhonePe,14,Thursday,0,114.51,0.0,3,4,18,9,0,1,114.51,1,1.0,1,0,0
TXN000661,2026-09-18 03:14:36,USER0359,MERCHANT0250,102.14,Shopping,Bill Payment,Chennai,Web,BHIM,22,Wednesday,0,102.14,0.0,3,4,18,9,0,1,102.14,1,1.0,1,0,0
TXN000883,2026-09-18 03:14:36,USER0487,MERCHANT0056,111.11,Utilities,P2M,Delhi,ios,Google Pay,22,Monday,0,171.63,-60.52,3,4,18,9,0,1,111.11,1,1.0,1,0,0
TXN000920,2026-09-18 03:14:36,USER0339,MERCHANT0233,220.1,Grocery,P2P,Bangalore,ios,Paytm,14,Monday,0,352.04,-131.94,3,4,18,9,0,1,352.0433333333333,3,0.6252071241229772,3,0,0
TXN000365,2026-09-18 03:14:36,USER0112,MERCHANT0479,361.46,Food,P2P,Pune,Android,Google Pay,14,Saturday,0,206.67,154.79,3,4,18,9,0,1,206.67,2,1.748971790777568,2,0,0
TXN000994,2026-09-18 03:14:36,USER0052,MERCHANT0417,91.65,Utilities,P2M,Hyderanbad,Web,PhonePe,22,Sunday,0,113.63,-21.98,3,4,18,9,0,1,99.12,2,0.924636803874092,2,0,0
TXN000513,2026-09-18 03:14:36,USER0162,MERCHANT0160,142.74,Shopping,P2M,Delhi,Web,Google Pay,6,Friday,0,170.91,-28.17,3,4,18,9,0,1,170.91333333333333,3,0.8351601201388619,3,0,0
TXN000402,2026-09-18 03:14:36,USER0886,MERCHANT0307,99.55,Grocery,Bill Payment,Hyderanbad,ios,Google Pay,6,Saturday,0,306.88,-207.33,3,4,18,9,0,1,306.8766666666666,3,0.3243974235034705,3,0,0
TXN000069,2026-09-18 03:14:36,USER0388,MERCHANT0491,260.25,Food,P2M,Bangalore,ios,BHIM,6,Tuesday,0,260.25,0.0,3,4,18,9,0,1,260.25,1,1.0,1,0,0
TXN000550,2026-09-18 03:14:36,USER0874,MERCHANT0451,99.09,Healthcare,Recharge,Hyderanbad,Android,BHIM,22,Thursday,0,53.82,45.27,3,4,18,9,0,1,61.010000000000005,2,1.624159973774791,2,0,0
TXN000772,2026-09-18 03:14:36,USER0216,MERCHANT0026,103.29,Shopping,Bill Payment,Hyderanbad,Web,Google Pay,22,Tuesday,0,684.59,-581.3,3,4,18,9,0,1,684.5866666666667,3,0.1508793627298223,3,0,0
TXN000106,2026-09-18 03:14:36,USER0960,MERCHANT0422,271.52,Travel,Bill Payment,Mumbai,Android,BHIM,22,Monday,0,271.52,0.0,3,4,18,9,0,1,271.52,1,1.0,1,0,0
TXN000957,2026-09-18 03:14:36,USER0618,MERCHANT0279,255.37,Healthcare,P2M,Delhi,ios,BHIM,6,Monday,0,255.37,0.0,3,4,18,9,0,1,255.37,1,1.0,1,0,0
TXN000698,2026-09-18 03:14:36,USER0112,MERCHANT0272,51.88,Grocery,P2P,Mumbai,Android,BHIM,14,Wednesday,0,206.67,-154.79,3,4,18,9,0,1,206.67,2,0.2510282092224319,2,0,0
TXN000476,2026-09-18 03:14:36,USER0268,MERCHANT0423,141.31,Utilities,Bill Payment,Pune,Web,PhonePe,14,Friday,0,359.58,-218.27,3,4,18,9,0,1,359.58500000000004,2,0.3929807973080078,2,0,0
TXN000143,2026-09-18 03:14:36,USER0898,MERCHANT0143,36.33,Healthcare,Bill Payment,Bangalore,Web,PhonePe,14,Monday,0,36.33,0.0,3,4,18,9,0,1,36.33,1,1.0,1,0,0
TXN000217,2026-09-18 03:14:36,USER0737,MERCHANT0062,83.69,Shopping,Bill Payment,Delhi,Web,PhonePe,22,Sunday,0,94.21,-10.52,3,4,18,9,0,1,94.21333333333332,3,0.8883031418058308,3,0,0
TXN000254,2026-09-18 03:14:36,USER0827,MERCHANT0028,509.01,Utilities,P2P,Mumbai,Web,PhonePe,14,Sunday,0,271.3,237.71,3,4,18,9,0,1,324.32,3,1.5694684262456833,3,0,0
TXN000328,2026-09-18 03:14:36,USER0498,MERCHANT0321,400.08,Grocery,Recharge,Delhi,Web,BHIM,22,Saturday,0,267.72,132.36,3,4,18,9,0,1,310.0233333333333,3,1.290483511993721,3,0,0
TXN000291,2026-09-18 03:14:36,USER0731,MERCHANT0077,147.21,Healthcare,Bill Payment,Delhi,Web,Google Pay,6,Sunday,0,113.65,33.56,3,4,18,9,0,1,147.21,1,1.0,1,0,0
TXN000624,2026-09-18 03:14:36,USER0886,MERCHANT0226,696.05,Shopping,P2P,Mumbai,Android,Paytm,6,Thursday,0,306.88,389.17,3,4,18,9,0,1,306.8766666666666,3,2.2681750540390824,3,0,0
TXN000732,2026-09-18 04:51:54,USER0972,MERCHANT0081,68.14,Food,Bill Payment,Pune,ios,Google Pay,17,Tuesday,0,68.14,0.0,4,4,18,9,0,1,68.14,1,1.0,1,0,0
TXN000251,2026-09-18 04:51:54,USER0372,MERCHANT0141,51.37,Entertainment,Recharge,Pune,ios,BHIM,1,Sunday,1,51.37,0.0,4,4,18,9,0,1,51.37,1,1.0,1,0,0
TXN000806,2026-09-18 04:51:54,USER0318,MERCHANT0159,133.06,Healthcare,Recharge,Chennai,Web,BHIM,1,Tuesday,1,133.06,0.0,4,4,18,9,0,1,133.06,1,1.0,1,0,0
TXN000621,2026-09-18 04:51:54,USER0948,MERCHANT0052,82.23,Food,Recharge,Hyderanbad,Web,PhonePe,17,Wednesday,0,197.58,-115.35,4,4,18,9,0,1,82.23,1,1.0,1,0,0
TXN000769,2026-09-18 04:51:54,USER0001,MERCHANT0399,96.84,Food,P2M,Bangalore,ios,Google Pay,9,Tuesday,0,263.85,-167.01,4,4,18,9,0,1,96.84,1,1.0,1,0,0
TXN000177,2026-09-18 04:51:54,USER0113,MERCHANT0124,183.64,Utilities,P2M,Delhi,ios,Google Pay,17,Sunday,0,183.64,0.0,4,4,18,9,0,1,183.64,1,1.0,1,0,0
TXN000288,2026-09-18 04:51:54,USER0748,MERCHANT0352,326.46,Shopping,P2P,Delhi,ios,Paytm,17,Saturday,0,193.21,133.25,4,4,18,9,0,1,193.21,2,1.6896640960612803,2,0,0
TXN000917,2026-09-18 04:51:54,USER0066,MERCHANT0276,332.92,Food,Recharge,Chennai,Web,Google Pay,1,Monday,1,270.54,62.38,4,4,18,9,0,1,333.33000000000004,2,0.9987699876998768,2,0,0
TXN000954,2026-09-18 04:51:54,USER0753,MERCHANT0051,767.98,Utilities,Bill Payment,Chennai,ios,PhonePe,17,Sunday,0,453.9,314.08,4,4,18,9,0,1,453.905,2,1.691939943380223,2,0,1
TXN000362,2026-09-18 04:51:54,USER0348,MERCHANT0302,839.44,Healthcare,Recharge,Mumbai,ios,Google Pay,1,Saturday,1,839.44,0.0,4,4,18,9,0,1,839.44,1,1.0,1,0,1
TXN000695,2026-09-18 04:51:54,USER0986,MERCHANT0221,328.03,Food,P2P,Pune,Android,Google Pay,1,Wednesday,1,328.03,0.0,4,4,18,9,0,1,328.03,1,1.0,1,0,0
TXN000473,2026-09-18 04:51:54,USER0536,MERCHANT0207,39.84,Entertainment,Recharge,Bangalore,ios,Google Pay,1,Friday,1,39.84,0.0,4,4,18,9,0,1,39.84,1,1.0,1,0,0
TXN000140,2026-09-18 04:51:54,USER0936,MERCHANT0426,52.94,Shopping,Bill Payment,Mumbai,Web,Google Pay,1,Monday,1,52.94,0.0,4,4,18,9,0,1,52.94,1,1.0,1,0,0
TXN000029,2026-09-18 04:51:54,USER0666,MERCHANT0487,99.42,Travel,Bill Payment,Hyderanbad,Web,Google Pay,1,Tuesday,1,179.24,-79.82,4,4,18,9,0,1,179.235,2,0.5546907691020169,2,0,0
TXN000547,2026-09-18 04:51:54,USER0209,MERCHANT0307,322.81,Food,P2P,Pune,Android,Google Pay,9,Thursday,0,322.81,0.0,4,4,18,9,0,1,322.81,1,1.0,1,0,0
TXN000325,2026-09-18 04:51:54,USER0244,MERCHANT0486,66.29,Utilities,P2P,Mumbai,ios,Paytm,9,Saturday,0,66.29,0.0,4,4,18,9,0,1,66.29,1,1.0,1,0,0
TXN000991,2026-09-18 04:51:54,USER0888,MERCHANT0107,223.27,Healthcare,P2M,Bangalore,ios,BHIM,9,Sunday,0,211.51,11.76,4,4,18,9,0,1,211.51,2,1.0556002080279894,2,0,0
TXN000399,2026-09-18 04:51:54,USER0498,MERCHANT0253,161.65,Travel,Bill Payment,Delhi,Web,Paytm,17,Friday,0,267.72,-106.07,4,4,18,9,0,1,310.0233333333333,3,0.5214123668111003,3,0,0
TXN000880,2026-09-18 04:51:54,USER0163,MERCHANT0327,594.9,Travel,Recharge,Delhi,ios,Paytm,9,Monday,0,594.9,0.0,4,4,18,9,0,1,594.9,1,1.0,1,0,0
TXN000658,2026-09-18 04:51:54,USER0837,MERCHANT0368,176.95,Grocery,Bill Payment,Mumbai,ios,Paytm,9,Wednesday,0,130.72,46.23,4,4,18,9,0,1,176.95,1,1.0,1,0,0
TXN000584,2026-09-18 04:51:54,USER0926,MERCHANT0194,1755.82,Shopping,P2M,Bangalore,ios,Paytm,1,Thursday,1,1755.82,0.0,4,4,18,9,0,1,1755.82,1,1.0,1,0,1
TXN000843,2026-09-18 04:51:54,USER0225,MERCHANT0446,58.98,Entertainment,Recharge,Delhi,Web,PhonePe,17,Monday,0,147.54,-88.56,4,4,18,9,0,1,201.85,2,0.2921971761208818,2,0,0
TXN000436,2026-09-18 04:51:54,USER0322,MERCHANT0093,195.21,Shopping,Bill Payment,Mumbai,ios,BHIM,9,Friday,0,257.26,-62.05,4,4,18,9,0,1,264.95666666666665,3,0.7367619862367432,3,0,0
TXN000066,2026-09-18 04:51:54,USER0128,MERCHANT0295,703.62,Grocery,P2M,Pune,Android,PhonePe,17,Monday,0,601.75,101.87,4,4,18,9,0,1,703.62,1,1.0,1,0,0
TXN000214,2026-09-18 04:51:54,USER0977,MERCHANT0157,347.72,Travel,P2P,Mumbai,Android,PhonePe,9,Sunday,0,204.81,142.91,4,4,18,9,0,1,220.62,2,1.576103707732753,2,0,0
TXN000103,2026-09-18 04:51:54,USER0687,MERCHANT0007,128.67,Shopping,P2P,Bangalore,Web,BHIM,9,Monday,0,156.65,-27.98,4,4,18,9,0,1,128.67,1,1.0,1,0,0
TXN000510,2026-09-18 04:51:54,USER0251,MERCHANT0123,78.97,Entertainment,P2M,Hyderanbad,Android,BHIM,17,Thursday,0,285.6,-206.63,4,4,18,9,0,1,424.71,2,0.185938640484095,2,0,0
TXN000729,2026-09-18 06:29:12,USER0373,MERCHANT0148,105.66,Healthcare,P2P,Hyderanbad,Android,Paytm,4,Tuesday,1,105.66,0.0,6,4,18,9,0,0,105.66,1,1.0,1,0,0
TXN000322,2026-09-18 06:29:12,USER0339,MERCHANT0492,328.7,Grocery,Recharge,Pune,Web,Paytm,20,Friday,0,352.04,-23.34,6,4,18,9,0,0,352.0433333333333,3,0.9336918750532603,3,0,0
TXN000655,2026-09-18 06:29:12,USER0482,MERCHANT0489,2376.44,Travel,Recharge,Delhi,ios,Paytm,20,Tuesday,0,2376.44,0.0,6,4,18,9,0,0,2376.44,1,1.0,1,0,1
TXN000692,2026-09-18 06:29:12,USER0268,MERCHANT0151,577.86,Utilities,Bill Payment,Bangalore,Android,Paytm,12,Tuesday,0,359.58,218.28,6,4,18,9,0,0,359.58500000000004,2,1.607019202691992,2,0,0
TXN000285,2026-09-18 06:29:12,USER0952,MERCHANT0038,1530.02,Healthcare,Bill Payment,Bangalore,Android,Paytm,4,Saturday,1,746.52,783.5,6,4,18,9,0,0,1530.02,1,1.0,1,0,1
TXN000211,2026-09-18 06:29:12,USER0162,MERCHANT0360,320.82,Food,P2P,Mumbai,Android,Paytm,20,Saturday,0,170.91,149.91,6,4,18,9,0,0,170.91333333333333,3,1.8770917033974333,3,0,0
TXN000396,2026-09-18 06:29:12,USER0243,MERCHANT0140,113.39,Utilities,P2M,Hyderanbad,Web,Paytm,4,Friday,1,651.89,-538.5,6,4,18,9,0,0,113.39,1,1.0,1,0,0
TXN000988,2026-09-18 06:29:12,USER0659,MERCHANT0425,435.88,Entertainment,P2M,Chennai,Web,BHIM,20,Saturday,0,346.1,89.78,6,4,18,9,0,0,435.88,1,1.0,1,0,0
TXN000100,2026-09-18 06:29:12,USER0380,MERCHANT0260,143.37,Travel,P2M,Mumbai,Android,Paytm,20,Sunday,0,143.37,0.0,6,4,18,9,0,0,143.37,1,1.0,1,0,0
TXN000063,2026-09-18 06:29:12,USER0748,MERCHANT0014,59.96,Entertainment,Recharge,Mumbai,ios,PhonePe,4,Monday,1,193.21,-133.25,6,4,18,9,0,0,193.21,2,0.3103359039387195,2,0,0
TXN000951,2026-09-18 06:29:12,USER0430,MERCHANT0121,142.42,Grocery,Bill Payment,Delhi,ios,BHIM,4,Sunday,1,468.18,-325.76,6,4,18,9,0,0,648.955,2,0.2194605172931867,2,0,0
TXN000544,2026-09-18 06:29:12,USER0216,MERCHANT0197,766.3,Travel,P2M,Bangalore,Web,PhonePe,20,Wednesday,0,684.59,81.71,6,4,18,9,0,0,684.5866666666667,3,1.119361561234029,3,0,1
TXN000137,2026-09-18 06:29:12,USER0275,MERCHANT0166,82.83,Entertainment,Bill Payment,Chennai,Android,PhonePe,12,Sunday,0,82.83,0.0,6,4,18,9,0,0,82.83,1,1.0,1,0,0
TXN000470,2026-09-18 06:29:12,USER0674,MERCHANT0060,101.92,Travel,Recharge,Pune,Web,Google Pay,12,Thursday,0,101.92,0.0,6,4,18,9,0,0,101.92,1,1.0,1,0,0
TXN000914,2026-09-18 06:29:12,USER0157,MERCHANT0050,877.83,Healthcare,Bill Payment,Hyderanbad,Web,Google Pay,12,Sunday,0,582.61,295.22,6,4,18,9,0,0,877.83,1,1.0,1,0,1
TXN000174,2026-09-18 06:29:12,USER0774,MERCHANT0486,254.97,Utilities,Bill Payment,Pune,Android,Paytm,4,Sunday,1,177.91,77.06,6,4,18,9,0,0,254.97,1,1.0,1,0,0
TXN000507,2026-09-18 06:29:12,USER0903,MERCHANT0323,100.24,Utilities,P2P,Chennai,Android,PhonePe,4,Thursday,1,320.83,-220.59,6,4,18,9,0,0,320.83,2,0.3124396097621793,2,0,0
TXN000581,2026-09-18 06:29:12,USER0968,MERCHANT0283,254.3,Travel,Recharge,Chennai,ios,BHIM,12,Wednesday,0,254.3,0.0,6,4,18,9,0,0,254.3,1,1.0,1,0,0
TXN000877,2026-09-18 06:29:12,USER0562,MERCHANT0300,108.03,Travel,P2M,Bangalore,Web,Paytm,20,Sunday,0,141.54,-33.51,6,4,18,9,0,0,108.03,1,1.0,1,0,0
TXN000840,2026-09-18 06:29:12,USER0110,MERCHANT0413,146.35,Utilities,Recharge,Hyderanbad,ios,PhonePe,4,Monday,1,111.52,34.83,6,4,18,9,0,0,146.35,1,1.0,1,0,0
TXN000433,2026-09-18 06:29:12,USER0556,MERCHANT0227,138.46,Grocery,P2M,Pune,ios,Google Pay,20,Thursday,0,334.43,-195.97,6,4,18,9,0,0,334.43,2,0.4140178811709476,2,0,0
TXN000803,2026-09-18 06:29:12,USER0770,MERCHANT0322,199.56,Entertainment,P2P,Chennai,ios,Google Pay,12,Monday,0,509.49,-309.93,6,4,18,9,0,0,674.3149999999999,2,0.2959447735850456,2,0,0
TXN000248,2026-09-18 06:29:12,USER0020,MERCHANT0363,94.32,Grocery,Recharge,Mumbai,Web,BHIM,12,Saturday,0,94.32,0.0,6,4,18,9,0,0,94.32,1,1.0,1,0,0
TXN000618,2026-09-18 06:29:12,USER0636,MERCHANT0303,374.57,Healthcare,P2P,Mumbai,Android,BHIM,4,Wednesday,1,374.57,0.0,6,4,18,9,0,0,374.57,1,1.0,1,0,0
TXN000766,2026-09-18 06:29:12,USER0416,MERCHANT0290,89.73,Food,Bill Payment,Hyderanbad,Web,Google Pay,20,Monday,0,89.73,0.0,6,4,18,9,0,0,89.73,1,1.0,1,0,0
TXN000026,2026-09-18 06:29:12,USER0575,MERCHANT0021,202.54,Grocery,P2P,Chennai,ios,PhonePe,12,Monday,0,162.35,40.19,6,4,18,9,0,0,128.81,2,1.5723934477136867,2,0,0
TXN000359,2026-09-18 06:29:12,USER0063,MERCHANT0404,250.31,Utilities,Bill Payment,Hyderanbad,Web,Paytm,12,Friday,0,310.9,-60.59,6,4,18,9,0,0,250.31,1,1.0,1,0,0
TXN000652,2026-09-18 08:06:30,USER0894,MERCHANT0440,559.23,Food,P2M,Bangalore,Android,Paytm,7,Tuesday,0,341.27,217.96,8,4,18,9,0,0,559.23,1,1.0,1,0,0
TXN000578,2026-09-18 08:06:30,USER0010,MERCHANT0248,391.84,Shopping,Bill Payment,Delhi,Android,Paytm,23,Tuesday,0,234.22,157.62,8,4,18,9,0,0,391.84,1,1.0,1,0,0
TXN000467,2026-09-18 08:06:30,USER0635,MERCHANT0162,335.01,Grocery,Bill Payment,Delhi,ios,PhonePe,23,Wednesday,0,346.68,-11.67,8,4,18,9,0,0,335.01,1,1.0,1,0,0
TXN000430,2026-09-18 08:06:30,USER0060,MERCHANT0241,31.23,Food,Recharge,Mumbai,Android,Google Pay,7,Thursday,0,337.36,-306.13,8,4,18,9,0,0,337.36,2,0.0925717334598055,2,0,0
TXN000615,2026-09-18 08:06:30,USER0896,MERCHANT0065,2091.74,Travel,Bill Payment,Chennai,Android,PhonePe,15,Tuesday,0,1262.71,829.03,8,4,18,9,0,0,2091.74,1,1.0,1,0,1
TXN000541,2026-09-18 08:06:30,USER0279,MERCHANT0234,418.09,Utilities,Bill Payment,Mumbai,ios,BHIM,7,Wednesday,0,302.32,115.77,8,4,18,9,0,0,418.09,1,1.0,1,0,0
TXN000393,2026-09-18 08:06:30,USER0949,MERCHANT0359,48.41,Utilities,P2M,Mumbai,ios,PhonePe,15,Thursday,0,208.86,-160.45,8,4,18,9,0,0,48.41,1,1.0,1,0,0
TXN000504,2026-09-18 08:06:30,USER0136,MERCHANT0063,318.29,Healthcare,P2P,Delhi,Web,PhonePe,15,Wednesday,1,248.68,69.61,8,4,18,9,0,0,248.68,2,1.2799179668650476,2,0,0
TXN000282,2026-09-18 08:06:30,USER0434,MERCHANT0034,351.47,Food,Bill Payment,Delhi,Web,BHIM,15,Friday,0,191.95,159.52,8,4,18,9,0,0,351.47,1,1.0,1,0,0
TXN000356,2026-09-18 08:06:30,USER0670,MERCHANT0120,66.52,Shopping,Recharge,Chennai,Android,BHIM,23,Thursday,0,50.33,16.19,8,4,18,9,0,0,66.52,1,1.0,1,0,0
TXN000800,2026-09-18 08:06:30,USER0096,MERCHANT0322,186.75,Shopping,Bill Payment,Mumbai,Web,Google Pay,23,Sunday,0,175.79,10.96,8,4,18,9,0,0,115.45,2,1.617583369423993,2,0,0
TXN000874,2026-09-18 08:06:30,USER0437,MERCHANT0384,87.28,Utilities,P2P,Hyderanbad,ios,Paytm,7,Sunday,0,87.28,0.0,8,4,18,9,0,0,87.28,1,1.0,1,0,0
TXN000171,2026-09-18 08:06:30,USER0522,MERCHANT0285,74.48,Healthcare,Recharge,Mumbai,ios,PhonePe,15,Saturday,0,223.76,-149.28,8,4,18,9,0,0,74.48,1,1.0,1,0,0
TXN000245,2026-09-18 08:06:30,USER0614,MERCHANT0092,54.58,Grocery,P2P,Chennai,Android,Paytm,23,Friday,0,54.58,0.0,8,4,18,9,0,0,54.58,1,1.0,1,0,0
TXN000763,2026-09-18 08:06:30,USER0631,MERCHANT0203,2345.1,Travel,P2P,Chennai,ios,Paytm,7,Monday,0,2345.1,0.0,8,4,18,9,0,0,2345.1,1,1.0,1,0,1
TXN000911,2026-09-18 08:06:30,USER0237,MERCHANT0156,133.25,Food,P2P,Mumbai,Android,Paytm,23,Saturday,0,133.25,0.0,8,4,18,9,0,0,133.25,1,1.0,1,0,0
TXN000837,2026-09-18 08:06:30,USER0882,MERCHANT0484,854.49,Entertainment,Recharge,Hyderanbad,Web,Paytm,15,Sunday,0,348.32,506.17,8,4,18,9,0,0,854.49,1,1.0,1,0,1
TXN000060,2026-09-18 08:06:30,USER0271,MERCHANT0160,480.85,Entertainment,P2P,Mumbai,Web,Google Pay,15,Sunday,0,244.17,236.68,8,4,18,9,0,0,339.26,2,1.4173495254377175,2,0,0
TXN000134,2026-09-18 08:06:30,USER0825,MERCHANT0375,291.08,Utilities,Recharge,Pune,Web,Google Pay,23,Saturday,0,291.08,0.0,8,4,18,9,0,0,291.08,1,1.0,1,0,0
TXN000208,2026-09-18 08:06:30,USER0115,MERCHANT0282,303.02,Grocery,P2P,Delhi,ios,BHIM,7,Saturday,0,390.4,-87.38,8,4,18,9,0,0,230.44,2,1.314962680090262,2,0,0
TXN000985,2026-09-18 08:06:30,USER0679,MERCHANT0290,180.62,Healthcare,Bill Payment,Chennai,ios,Google Pay,7,Saturday,0,180.62,0.0,8,4,18,9,0,0,180.62,1,1.0,1,0,0
TXN000948,2026-09-18 08:06:30,USER0914,MERCHANT0228,90.75,Food,P2M,Delhi,Web,Paytm,15,Saturday,0,134.41,-43.66,8,4,18,9,0,0,90.75,1,1.0,1,0,0
TXN000097,2026-09-18 08:06:30,USER0855,MERCHANT0339,243.74,Healthcare,P2P,Chennai,Web,Google Pay,7,Sunday,0,160.62,83.12,8,4,18,9,0,0,160.615,2,1.517541948136849,2,0,0
TXN000689,2026-09-18 08:06:30,USER0119,MERCHANT0167,369.06,Grocery,P2M,Bangalore,Web,Google Pay,23,Monday,0,503.89,-134.83,8,4,18,9,0,0,503.8933333333334,3,0.7324169136325147,3,0,0
TXN000726,2026-09-18 08:06:30,USER0755,MERCHANT0412,150.81,Entertainment,Recharge,Hyderanbad,ios,PhonePe,15,Monday,0,127.49,23.32,8,4,18,9,0,0,134.55,2,1.1208472686733555,2,0,0
TXN000319,2026-09-18 08:06:30,USER0928,MERCHANT0318,250.68,Grocery,Recharge,Chennai,Web,PhonePe,7,Friday,0,252.38,-1.7,8,4,18,9,0,0,250.68,1,1.0,1,0,0
TXN000023,2026-09-18 08:06:30,USER0518,MERCHANT0400,193.94,Grocery,Bill Payment,Delhi,ios,BHIM,23,Sunday,0,174.54,19.4,8,4,18,9,0,0,193.94,1,1.0,1,0,0
TXN000131,2026-09-18 09:43:48,USER0235,MERCHANT0239,38.45,Utilities,Bill Payment,Hyderanbad,Android,BHIM,10,Saturday,1,198.48,-160.03,9,4,18,9,0,0,38.45,1,1.0,1,0,0
TXN000205,2026-09-18 09:43:48,USER0788,MERCHANT0177,45.71,Entertainment,Bill Payment,Bangalore,ios,Google Pay,18,Friday,0,45.71,0.0,9,4,18,9,0,0,45.71,1,1.0,1,0,0
TXN000871,2026-09-18 09:43:48,USER0737,MERCHANT0233,151.87,Travel,Recharge,Pune,Web,PhonePe,18,Saturday,0,94.21,57.66,9,4,18,9,0,0,94.21333333333332,3,1.6119799037645064,3,0,0
TXN000982,2026-09-18 09:43:48,USER0404,MERCHANT0125,277.4,Utilities,P2P,Hyderanbad,Android,Paytm,18,Friday,0,277.4,0.0,9,4,18,9,0,0,277.4,1,1.0,1,0,0
TXN000057,2026-09-18 09:43:48,USER0868,MERCHANT0420,78.32,Healthcare,Recharge,Chennai,Web,Google Pay,2,Sunday,1,78.32,0.0,9,4,18,9,0,0,78.32,1,1.0,1,0,0
TXN000575,2026-09-18 09:43:48,USER0723,MERCHANT0077,415.47,Travel,P2M,Pune,Web,BHIM,10,Tuesday,0,415.47,0.0,9,4,18,9,0,0,415.47,1,1.0,1,0,0
TXN000908,2026-09-18 09:43:48,USER0083,MERCHANT0024,382.32,Shopping,Recharge,Chennai,ios,PhonePe,10,Saturday,0,245.38,136.94,9,4,18,9,0,0,245.375,2,1.5581049414161996,2,0,0
TXN000094,2026-09-18 09:43:48,USER0285,MERCHANT0178,130.63,Healthcare,Bill Payment,Bangalore,Web,PhonePe,18,Saturday,0,90.78,39.85,9,4,18,9,0,0,92.05,2,1.4191200434546445,2,0,0
TXN000464,2026-09-18 09:43:48,USER0593,MERCHANT0019,224.52,Shopping,Recharge,Mumbai,Web,PhonePe,10,Wednesday,0,224.52,0.0,9,4,18,9,0,0,224.52,1,1.0,1,0,0
TXN000538,2026-09-18 09:43:48,USER0761,MERCHANT0248,123.4,Entertainment,Bill Payment,Pune,Web,PhonePe,18,Tuesday,0,123.4,0.0,9,4,18,9,0,0,123.4,1,1.0,1,0,0
TXN000945,2026-09-18 09:43:48,USER0772,MERCHANT0354,1148.99,Food,P2P,Mumbai,Web,BHIM,2,Saturday,1,1140.34,8.65,9,4,18,9,0,0,1148.99,1,1.0,1,0,1
TXN000168,2026-09-18 09:43:48,USER0371,MERCHANT0360,1208.09,Shopping,Recharge,Pune,Web,BHIM,2,Saturday,1,671.26,536.83,9,4,18,9,0,0,1208.09,1,1.0,1,0,1
TXN000353,2026-09-18 09:43:48,USER0747,MERCHANT0233,427.37,Food,Recharge,Bangalore,ios,Paytm,10,Thursday,0,1024.51,-597.14,9,4,18,9,0,0,472.435,2,0.9046112163578058,2,0,0
TXN000834,2026-09-18 09:43:48,USER0006,MERCHANT0132,84.12,Shopping,P2P,Bangalore,Android,Paytm,2,Sunday,1,84.12,0.0,9,4,18,9,0,0,84.12,1,1.0,1,0,0
TXN000501,2026-09-18 09:43:48,USER0219,MERCHANT0451,457.68,Food,P2M,Pune,Web,BHIM,2,Wednesday,1,253.2,204.48,9,4,18,9,0,0,457.68,1,1.0,1,0,0
TXN000242,2026-09-18 09:43:48,USER0544,MERCHANT0152,161.62,Food,P2P,Mumbai,Web,PhonePe,10,Friday,0,183.16,-21.54,9,4,18,9,0,0,161.62,1,1.0,1,0,0
TXN000686,2026-09-18 09:43:48,USER0340,MERCHANT0463,369.81,Travel,Bill Payment,Bangalore,Web,Google Pay,10,Monday,0,369.81,0.0,9,4,18,9,0,0,369.81,1,1.0,1,0,0
TXN000612,2026-09-18 09:43:48,USER0799,MERCHANT0254,171.47,Healthcare,Recharge,Pune,Web,PhonePe,2,Tuesday,1,171.47,0.0,9,4,18,9,0,0,171.47,1,1.0,1,0,0
TXN000797,2026-09-18 09:43:48,USER0649,MERCHANT0349,174.24,Entertainment,P2P,Chennai,Web,BHIM,10,Sunday,0,174.24,0.0,9,4,18,9,0,0,174.24,1,1.0,1,0,0
TXN000316,2026-09-18 09:43:48,USER0061,MERCHANT0220,185.12,Healthcare,P2M,Chennai,Web,Google Pay,18,Thursday,0,150.35,34.77,9,4,18,9,0,0,150.35,2,1.231260392417692,2,0,0
TXN000723,2026-09-18 09:43:48,USER0737,MERCHANT0342,47.08,Travel,Bill Payment,Bangalore,Android,PhonePe,2,Monday,1,94.21,-47.13,9,4,18,9,0,0,94.21333333333332,3,0.4997169544296632,3,0,0
TXN000760,2026-09-18 09:43:48,USER0767,MERCHANT0012,365.15,Grocery,Bill Payment,Hyderanbad,ios,Paytm,18,Sunday,0,365.15,0.0,9,4,18,9,0,0,365.15,1,1.0,1,0,0
TXN000279,2026-09-18 09:43:48,USER0541,MERCHANT0245,194.38,Travel,P2M,Chennai,ios,Paytm,2,Friday,1,194.38,0.0,9,4,18,9,0,0,194.38,1,1.0,1,0,0
TXN000427,2026-09-18 09:43:48,USER0304,MERCHANT0391,69.07,Utilities,Recharge,Bangalore,Web,PhonePe,18,Wednesday,0,69.07,0.0,9,4,18,9,0,0,69.07,1,1.0,1,0,0
TXN000390,2026-09-18 09:43:48,USER0016,MERCHANT0240,101.81,Shopping,P2P,Delhi,Android,Google Pay,2,Thursday,1,101.81,0.0,9,4,18,9,0,0,101.81,1,1.0,1,0,0
TXN000020,2026-09-18 09:43:48,USER0096,MERCHANT0115,44.15,Food,P2P,Hyderanbad,ios,BHIM,10,Sunday,0,175.79,-131.64,9,4,18,9,0,0,115.45,2,0.3824166305760069,2,0,0
TXN000649,2026-09-18 09:43:48,USER0719,MERCHANT0169,143.89,Travel,Bill Payment,Bangalore,ios,Paytm,18,Monday,0,144.52,-0.63,9,4,18,9,0,0,143.89,1,1.0,1,0,0
TXN000683,2026-09-18 11:21:06,USER0696,MERCHANT0086,107.28,Grocery,Bill Payment,Bangalore,Web,BHIM,21,Sunday,0,140.71,-33.43,11,4,18,9,0,0,107.28,1,1.0,1,0,0
TXN000979,2026-09-18 11:21:06,USER0547,MERCHANT0026,37.19,Travel,P2P,Mumbai,Web,BHIM,5,Friday,0,114.86,-77.67,11,4,18,9,0,0,114.86,2,0.3237854779731847,2,0,0
TXN000720,2026-09-18 11:21:06,USER0826,MERCHANT0131,171.24,Travel,P2P,Bangalore,Web,Paytm,13,Sunday,0,220.97,-49.73,11,4,18,9,0,0,171.24,1,1.0,1,0,0
TXN000868,2026-09-18 11:21:06,USER0454,MERCHANT0136,253.27,Entertainment,P2M,Mumbai,Android,Google Pay,5,Saturday,0,167.02,86.25,11,4,18,9,0,0,253.27,1,1.0,1,0,0
TXN000942,2026-09-18 11:21:06,USER0966,MERCHANT0488,433.75,Utilities,P2M,Delhi,Android,BHIM,13,Friday,0,292.29,141.46,11,4,18,9,0,0,433.75,1,1.0,1,0,0
TXN000017,2026-09-18 11:21:06,USER0433,MERCHANT0027,65.84,Shopping,P2M,Pune,ios,PhonePe,21,Saturday,0,140.09,-74.25,11,4,18,9,0,0,142.07666666666668,3,0.4634117729864158,3,0,0
TXN000905,2026-09-18 11:21:06,USER0328,MERCHANT0210,219.44,Travel,Recharge,Mumbai,Android,Google Pay,21,Friday,0,219.44,0.0,11,4,18,9,0,0,219.44,1,1.0,1,0,0
TXN000794,2026-09-18 11:21:06,USER0291,MERCHANT0370,50.56,Shopping,Bill Payment,Pune,Android,BHIM,21,Saturday,0,50.56,0.0,11,4,18,9,0,0,50.56,1,1.0,1,0,0
TXN000572,2026-09-18 11:21:06,USER0760,MERCHANT0338,969.17,Shopping,Bill Payment,Mumbai,ios,Google Pay,21,Monday,0,671.85,297.32,11,4,18,9,0,0,969.17,1,1.0,1,0,1
TXN000609,2026-09-18 11:21:06,USER0683,MERCHANT0421,30.61,Grocery,P2P,Mumbai,Android,BHIM,13,Monday,0,59.17,-28.56,11,4,18,9,0,0,30.61,1,1.0,1,0,0
TXN000831,2026-09-18 11:21:06,USER0152,MERCHANT0140,47.25,Food,P2M,Pune,Web,BHIM,13,Saturday,0,79.84,-32.59,11,4,18,9,0,0,47.25,1,1.0,1,0,0
TXN000646,2026-09-18 11:21:06,USER0274,MERCHANT0333,138.0,Grocery,P2M,Pune,ios,Google Pay,5,Monday,0,246.42,-108.42,11,4,18,9,0,0,138.0,1,1.0,1,0,0
TXN000757,2026-09-18 11:21:06,USER0963,MERCHANT0152,296.88,Food,P2P,Hyderanbad,Android,BHIM,5,Sunday,0,339.03,-42.15,11,4,18,9,0,0,296.88,1,1.0,1,0,0
TXN000535,2026-09-18 11:21:06,USER0119,MERCHANT0140,94.46,Entertainment,P2M,Chennai,ios,BHIM,5,Tuesday,0,503.89,-409.43,11,4,18,9,0,0,503.8933333333334,3,0.1874603090601185,3,0,0
TXN000498,2026-09-18 11:21:06,USER0103,MERCHANT0475,149.85,Healthcare,P2M,Pune,Android,PhonePe,13,Tuesday,0,149.85,0.0,11,4,18,9,0,0,149.85,1,1.0,1,0,0
TXN000387,2026-09-18 11:21:06,USER0668,MERCHANT0148,255.13,Travel,Recharge,Pune,ios,Google Pay,13,Wednesday,0,255.13,0.0,11,4,18,9,0,0,255.13,1,1.0,1,0,0
TXN000313,2026-09-18 11:21:06,USER0073,MERCHANT0153,413.81,Healthcare,P2P,Mumbai,Web,PhonePe,5,Thursday,0,246.9,166.91,11,4,18,9,0,0,413.81,1,1.0,1,0,0
TXN000276,2026-09-18 11:21:06,USER0563,MERCHANT0130,287.75,Travel,P2P,Hyderanbad,Android,Paytm,13,Thursday,0,287.75,0.0,11,4,18,9,0,0,287.75,1,1.0,1,0,0
TXN000239,2026-09-18 11:21:06,USER0977,MERCHANT0052,93.52,Travel,Recharge,Chennai,Web,PhonePe,21,Thursday,0,204.81,-111.29,11,4,18,9,0,0,220.62,2,0.4238962922672468,2,0,0
TXN000424,2026-09-18 11:21:06,USER0499,MERCHANT0138,478.94,Entertainment,P2M,Hyderanbad,ios,BHIM,5,Wednesday,0,478.94,0.0,11,4,18,9,0,0,478.94,1,1.0,1,0,0
TXN000054,2026-09-18 11:21:06,USER0390,MERCHANT0368,334.18,Grocery,Recharge,Bangalore,Android,Google Pay,13,Saturday,0,218.44,115.74,11,4,18,9,0,0,282.75,2,1.1818921308576482,2,0,0
TXN000202,2026-09-18 11:21:06,USER0550,MERCHANT0243,317.6,Travel,Recharge,Pune,Android,Paytm,5,Friday,0,244.84,72.76,11,4,18,9,0,0,258.735,2,1.2275107735714148,2,0,0
TXN000165,2026-09-18 11:21:06,USER0920,MERCHANT0144,475.03,Shopping,P2M,Chennai,Android,BHIM,13,Friday,0,380.62,94.41,11,4,18,9,0,0,380.625,2,1.2480262725779967,2,0,0
TXN000461,2026-09-18 11:21:06,USER0912,MERCHANT0417,1293.01,Healthcare,P2M,Chennai,Web,Paytm,21,Tuesday,0,741.54,551.47,11,4,18,9,0,0,1293.01,1,1.0,1,0,1
TXN000128,2026-09-18 11:21:06,USER0787,MERCHANT0276,102.89,Shopping,P2M,Bangalore,Android,Paytm,21,Friday,0,169.82,-66.93,11,4,18,9,0,0,102.89,1,1.0,1,0,0
TXN000350,2026-09-18 11:21:06,USER0421,MERCHANT0145,146.43,Entertainment,P2M,Pune,Android,Paytm,21,Wednesday,0,146.43,0.0,11,4,18,9,0,0,146.43,1,1.0,1,0,0
TXN000091,2026-09-18 11:21:06,USER0888,MERCHANT0290,199.75,Healthcare,Recharge,Pune,Web,Google Pay,5,Saturday,0,211.51,-11.76,11,4,18,9,0,0,211.51,2,0.9443997919720108,2,0,0
TXN000421,2026-09-18 12:58:24,USER0570,MERCHANT0392,1423.32,Travel,P2M,Hyderanbad,Web,Paytm,16,Tuesday,0,1423.32,0.0,12,4,18,9,0,0,1423.32,1,1.0,1,0,1
TXN000236,2026-09-18 12:58:24,USER0781,MERCHANT0269,341.7,Travel,P2M,Hyderanbad,Android,Google Pay,8,Thursday,0,1088.22,-746.52,12,4,18,9,0,0,1088.22,2,0.3139990075536196,2,0,0
TXN000532,2026-09-18 12:58:24,USER0900,MERCHANT0150,34.41,Healthcare,P2P,Pune,Web,Google Pay,16,Monday,0,256.95,-222.54,12,4,18,9,0,0,34.41,1,1.0,1,0,0
TXN000791,2026-09-18 12:58:24,USER0174,MERCHANT0129,278.56,Shopping,P2P,Pune,Web,Google Pay,8,Saturday,0,278.56,0.0,12,4,18,9,0,0,278.56,1,1.0,1,0,0
TXN000051,2026-09-18 12:58:24,USER0345,MERCHANT0311,250.66,Shopping,P2P,Pune,ios,Paytm,0,Saturday,1,171.42,79.24,12,4,18,9,0,0,171.415,2,1.4622990986786455,2,0,0
TXN000273,2026-09-18 12:58:24,USER0676,MERCHANT0095,580.08,Grocery,Recharge,Bangalore,Android,Google Pay,0,Thursday,1,296.44,283.64,12,4,18,9,0,0,580.08,1,1.0,1,0,0
TXN000606,2026-09-18 12:58:24,USER0216,MERCHANT0198,1184.17,Healthcare,Bill Payment,Mumbai,Web,Google Pay,0,Monday,1,684.59,499.58,12,4,18,9,0,0,684.5866666666667,3,1.7297590760361483,3,0,1
TXN000088,2026-09-18 12:58:24,USER0082,MERCHANT0413,251.83,Healthcare,Bill Payment,Mumbai,Web,Paytm,16,Friday,0,251.83,0.0,12,4,18,9,0,0,251.83,1,1.0,1,0,0
TXN000754,2026-09-18 12:58:24,USER0197,MERCHANT0293,519.9,Entertainment,Recharge,Bangalore,Android,Paytm,16,Saturday,0,257.18,262.72,12,4,18,9,0,0,519.9,1,1.0,1,0,0
TXN000310,2026-09-18 12:58:24,USER0603,MERCHANT0231,148.09,Grocery,Recharge,Delhi,Web,Paytm,16,Wednesday,0,399.27,-251.18,12,4,18,9,0,0,399.27,2,0.3709018959601272,2,0,0
TXN000717,2026-09-18 12:58:24,USER0002,MERCHANT0119,203.21,Grocery,Recharge,Bangalore,ios,PhonePe,0,Sunday,1,203.21,0.0,12,4,18,9,0,0,203.21,1,1.0,1,0,0
TXN000495,2026-09-18 12:58:24,USER0470,MERCHANT0137,831.41,Utilities,Recharge,Delhi,Web,Google Pay,0,Tuesday,1,461.62,369.79,12,4,18,9,0,0,461.62,2,1.8010701442745114,2,0,1
TXN000384,2026-09-18 12:58:24,USER0564,MERCHANT0423,107.15,Food,P2P,Bangalore,Android,BHIM,0,Wednesday,1,107.15,0.0,12,4,18,9,0,0,107.15,1,1.0,1,0,0
TXN000347,2026-09-18 12:58:24,USER0442,MERCHANT0119,42.6,Shopping,Bill Payment,Mumbai,ios,PhonePe,8,Wednesday,0,62.92,-20.32,12,4,18,9,0,0,42.6,1,1.0,1,0,0
TXN000680,2026-09-18 12:58:24,USER0657,MERCHANT0447,646.49,Healthcare,Bill Payment,Mumbai,ios,Google Pay,8,Sunday,0,358.72,287.77,12,4,18,9,0,0,646.49,1,1.0,1,0,0
TXN000976,2026-09-18 12:58:24,USER0942,MERCHANT0306,27.4,Shopping,Recharge,Bangalore,ios,BHIM,16,Thursday,0,101.42,-74.02,12,4,18,9,0,0,101.42,2,0.270163675803589,2,0,0
TXN000014,2026-09-18 12:58:24,USER0559,MERCHANT0010,26.75,Grocery,P2P,Delhi,ios,Google Pay,8,Saturday,0,119.47,-92.72,12,4,18,9,0,0,26.75,1,1.0,1,0,0
TXN000828,2026-09-18 12:58:24,USER0507,MERCHANT0272,107.46,Utilities,Recharge,Hyderanbad,Web,Paytm,0,Saturday,1,107.46,0.0,12,4,18,9,0,0,107.46,1,1.0,1,0,0
TXN000643,2026-09-18 12:58:24,USER0753,MERCHANT0320,139.83,Healthcare,P2M,Chennai,Android,BHIM,16,Sunday,0,453.9,-314.07,12,4,18,9,0,0,453.905,2,0.3080600566197772,2,0,0
TXN000569,2026-09-18 12:58:24,USER0653,MERCHANT0429,27.92,Food,Bill Payment,Chennai,Web,Paytm,8,Monday,0,177.58,-149.66,12,4,18,9,0,0,177.57500000000002,2,0.1572293397156131,2,0,0
TXN000199,2026-09-18 12:58:24,USER0118,MERCHANT0340,192.14,Food,Bill Payment,Chennai,Web,PhonePe,16,Thursday,0,192.14,0.0,12,4,18,9,0,0,192.14,1,1.0,1,0,0
TXN000902,2026-09-18 12:58:24,USER0241,MERCHANT0359,122.32,Healthcare,Bill Payment,Hyderanbad,Android,BHIM,8,Friday,0,133.12,-10.8,12,4,18,9,0,0,122.32,1,1.0,1,0,0
TXN000939,2026-09-18 12:58:24,USER0390,MERCHANT0316,231.32,Food,Recharge,Chennai,Web,Google Pay,0,Friday,1,218.44,12.88,12,4,18,9,0,0,282.75,2,0.8181078691423519,2,0,0
TXN000865,2026-09-18 12:58:24,USER0973,MERCHANT0405,98.22,Grocery,P2M,Hyderanbad,Android,Paytm,16,Friday,0,98.22,0.0,12,4,18,9,0,0,98.22,1,1.0,1,0,0
TXN000125,2026-09-18 12:58:24,USER0702,MERCHANT0316,325.99,Grocery,P2M,Chennai,ios,PhonePe,8,Friday,0,325.99,0.0,12,4,18,9,0,0,325.99,1,1.0,1,0,0
TXN000458,2026-09-18 12:58:24,USER0414,MERCHANT0340,64.38,Entertainment,P2M,Hyderanbad,ios,Paytm,8,Tuesday,0,64.38,0.0,12,4,18,9,0,0,64.38,1,1.0,1,0,0
TXN000162,2026-09-18 12:58:24,USER0765,MERCHANT0409,398.25,Shopping,Recharge,Delhi,ios,Google Pay,0,Friday,1,398.25,0.0,12,4,18,9,0,0,398.25,1,1.0,1,0,0
TXN000233,2026-09-18 14:35:42,USER0204,MERCHANT0371,189.72,Shopping,P2P,Bangalore,Android,Google Pay,19,Wednesday,0,294.47,-104.75,14,4,18,9,0,0,413.035,2,0.4593315336472696,2,0,0
TXN000677,2026-09-18 14:35:42,USER0792,MERCHANT0390,59.71,Food,Recharge,Bangalore,ios,Paytm,19,Saturday,0,84.73,-25.02,14,4,18,9,0,0,59.71,1,1.0,1,0,0
TXN000159,2026-09-18 14:35:42,USER0575,MERCHANT0250,55.08,Food,Recharge,Pune,ios,Paytm,11,Thursday,0,162.35,-107.27,14,4,18,9,0,0,128.81,2,0.4276065522863131,2,0,0
TXN000344,2026-09-18 14:35:42,USER0097,MERCHANT0241,109.19,Food,P2P,Bangalore,ios,Paytm,19,Tuesday,0,109.19,0.0,14,4,18,9,0,0,109.19,1,1.0,1,0,0
TXN000899,2026-09-18 14:35:42,USER0080,MERCHANT0422,605.78,Utilities,P2M,Delhi,Android,Paytm,19,Thursday,0,605.78,0.0,14,4,18,9,0,0,605.78,1,1.0,1,0,0
TXN000714,2026-09-18 14:35:42,USER0046,MERCHANT0468,270.19,Healthcare,Recharge,Bangalore,Web,BHIM,11,Saturday,0,200.52,69.67,14,4,18,9,0,0,270.19,1,1.0,1,0,0
TXN000085,2026-09-18 14:35:42,USER0234,MERCHANT0436,80.76,Utilities,Bill Payment,Delhi,ios,BHIM,3,Friday,1,141.2,-60.44,14,4,18,9,0,0,80.76,1,1.0,1,0,0
TXN000048,2026-09-18 14:35:42,USER0221,MERCHANT0189,521.72,Healthcare,Recharge,Mumbai,Web,Google Pay,11,Friday,0,521.72,0.0,14,4,18,9,0,0,521.72,1,1.0,1,0,0
TXN000825,2026-09-18 14:35:42,USER0736,MERCHANT0449,116.11,Shopping,Recharge,Delhi,Web,PhonePe,11,Friday,0,158.49,-42.38,14,4,18,9,0,0,167.07,2,0.6949781528700545,2,0,0
TXN000862,2026-09-18 14:35:42,USER0573,MERCHANT0286,39.82,Travel,Bill Payment,Delhi,ios,Google Pay,3,Friday,1,39.82,0.0,14,4,18,9,0,0,39.82,1,1.0,1,0,0
TXN000011,2026-09-18 14:35:42,USER0693,MERCHANT0428,114.04,Grocery,Bill Payment,Delhi,Web,Google Pay,19,Friday,0,114.04,0.0,14,4,18,9,0,0,114.04,1,1.0,1,0,0
TXN000270,2026-09-18 14:35:42,USER0785,MERCHANT0246,206.59,Shopping,P2P,Hyderanbad,Web,Paytm,11,Wednesday,0,309.18,-102.59,14,4,18,9,0,0,206.59,1,1.0,1,0,0
TXN000196,2026-09-18 14:35:42,USER0012,MERCHANT0355,266.48,Grocery,P2P,Delhi,Web,Paytm,3,Thursday,1,266.48,0.0,14,4,18,9,0,0,266.48,1,1.0,1,0,0
TXN000788,2026-09-18 14:35:42,USER0983,MERCHANT0326,286.91,Healthcare,P2M,Hyderanbad,Web,PhonePe,19,Friday,0,286.91,0.0,14,4,18,9,0,0,286.91,1,1.0,1,0,0
TXN000122,2026-09-18 14:35:42,USER0705,MERCHANT0495,73.01,Grocery,Recharge,Mumbai,ios,Google Pay,19,Thursday,0,69.71,3.3,14,4,18,9,0,0,73.01,1,1.0,1,0,0
TXN000973,2026-09-18 14:35:42,USER0170,MERCHANT0109,420.16,Utilities,P2P,Delhi,Web,BHIM,3,Thursday,1,320.68,99.48,14,4,18,9,0,0,420.16,1,1.0,1,0,0
TXN000307,2026-09-18 14:35:42,USER0603,MERCHANT0398,650.45,Shopping,P2M,Delhi,Web,Paytm,3,Wednesday,1,399.27,251.18,14,4,18,9,0,0,399.27,2,1.6290981040398729,2,0,0
TXN000936,2026-09-18 14:35:42,USER0902,MERCHANT0051,109.72,Entertainment,P2P,Chennai,Web,PhonePe,11,Thursday,0,109.72,0.0,14,4,18,9,0,0,109.72,1,1.0,1,0,0
TXN000751,2026-09-18 14:35:42,USER0303,MERCHANT0055,72.01,Healthcare,Bill Payment,Chennai,Web,PhonePe,3,Saturday,1,72.01,0.0,14,4,18,9,0,0,72.01,1,1.0,1,0,0
TXN000455,2026-09-18 14:35:42,USER0692,MERCHANT0356,106.67,Travel,P2M,Pune,Web,PhonePe,19,Monday,0,77.18,29.49,14,4,18,9,0,0,77.18,2,1.3820938066856698,2,0,0
TXN000418,2026-09-18 14:35:42,USER0981,MERCHANT0301,203.5,Healthcare,P2M,Chennai,Android,PhonePe,3,Tuesday,1,251.91,-48.41,14,4,18,9,0,0,250.06,2,0.81380468687515,2,0,0
TXN000603,2026-09-18 14:35:42,USER0041,MERCHANT0468,432.51,Utilities,P2M,Mumbai,Android,Google Pay,11,Sunday,0,288.92,143.59,14,4,18,9,0,0,432.51,1,1.0,1,0,0
TXN000492,2026-09-18 14:35:42,USER0959,MERCHANT0390,796.27,Entertainment,Recharge,Delhi,Web,PhonePe,11,Monday,0,796.27,0.0,14,4,18,9,0,0,796.27,1,1.0,1,0,1
TXN000381,2026-09-18 14:35:42,USER0828,MERCHANT0158,78.28,Healthcare,P2P,Mumbai,ios,Paytm,11,Tuesday,0,78.28,0.0,14,4,18,9,0,0,78.28,1,1.0,1,0,0
TXN000566,2026-09-18 14:35:42,USER0342,MERCHANT0145,120.53,Entertainment,Bill Payment,Chennai,Web,Google Pay,19,Sunday,0,120.53,0.0,14,4,18,9,0,0,120.53,1,1.0,1,0,0
TXN000529,2026-09-18 14:35:42,USER0680,MERCHANT0256,235.03,Healthcare,Recharge,Pune,ios,Paytm,3,Monday,1,412.99,-177.96,14,4,18,9,0,0,359.66,2,0.6534782850469888,2,0,0
TXN000640,2026-09-18 14:35:42,USER0822,MERCHANT0497,49.65,Entertainment,Recharge,Chennai,Android,BHIM,3,Sunday,1,49.65,0.0,14,4,18,9,0,0,49.65,1,1.0,1,0,0
TXN000711,2026-09-18 16:13:00,USER0591,MERCHANT0350,223.86,Utilities,Recharge,Mumbai,ios,PhonePe,22,Friday,0,190.17,33.69,16,4,18,9,0,0,223.86,1,1.0,1,0,0
TXN000785,2026-09-18 16:13:00,USER0485,MERCHANT0411,317.28,Healthcare,Recharge,Chennai,ios,Paytm,6,Friday,1,166.61,150.67,16,4,18,9,0,0,317.28,1,1.0,1,0,0
TXN000526,2026-09-18 16:13:00,USER0568,MERCHANT0332,29.82,Grocery,Bill Payment,Chennai,Web,Paytm,14,Sunday,0,59.02,-29.2,16,4,18,9,0,0,29.82,1,1.0,1,0,0
TXN000933,2026-09-18 16:13:00,USER0713,MERCHANT0454,42.61,Healthcare,P2M,Mumbai,Android,PhonePe,22,Wednesday,0,142.34,-99.73,16,4,18,9,0,0,142.335,2,0.2993641760635121,2,0,0
TXN000452,2026-09-18 16:13:00,USER0071,MERCHANT0083,471.13,Shopping,Bill Payment,Hyderanbad,Web,Google Pay,6,Monday,0,491.65,-20.52,16,4,18,9,0,0,699.275,2,0.6737406599692539,2,0,0
TXN000119,2026-09-18 16:13:00,USER0277,MERCHANT0091,568.4,Grocery,P2P,Chennai,Android,BHIM,6,Thursday,0,568.4,0.0,16,4,18,9,0,0,568.4,1,1.0,1,0,0
TXN000008,2026-09-18 16:13:00,USER0143,MERCHANT0426,390.5,Shopping,P2P,Bangalore,Android,Google Pay,6,Friday,0,239.62,150.88,16,4,18,9,0,0,239.615,2,1.629697639964109,2,0,0
TXN000267,2026-09-18 16:13:00,USER0071,MERCHANT0294,927.42,Food,Bill Payment,Mumbai,Web,Google Pay,22,Tuesday,0,491.65,435.77,16,4,18,9,0,0,699.275,2,1.326259340030746,2,0,1
TXN000600,2026-09-18 16:13:00,USER0816,MERCHANT0382,264.36,Travel,Bill Payment,Pune,Android,Google Pay,22,Saturday,0,216.68,47.68,16,4,18,9,0,0,264.36,1,1.0,1,0,0
TXN000748,2026-09-18 16:13:00,USER0335,MERCHANT0197,85.17,Entertainment,P2M,Hyderanbad,Android,Google Pay,14,Friday,0,203.27,-118.1,16,4,18,9,0,0,203.27,2,0.4189993604565356,2,0,0
TXN000156,2026-09-18 16:13:00,USER0143,MERCHANT0436,88.73,Food,Bill Payment,Mumbai,Android,Google Pay,22,Wednesday,0,239.62,-150.89,16,4,18,9,0,0,239.615,2,0.3703023600358909,2,0,0
TXN000304,2026-09-18 16:13:00,USER0066,MERCHANT0405,333.74,Entertainment,Bill Payment,Bangalore,Android,BHIM,14,Tuesday,0,270.54,63.2,16,4,18,9,0,0,333.33000000000004,2,1.001230012300123,2,0,0
TXN000415,2026-09-18 16:13:00,USER0293,MERCHANT0429,252.73,Travel,Bill Payment,Hyderanbad,Web,Google Pay,14,Monday,0,257.41,-4.68,16,4,18,9,0,0,252.73,1,1.0,1,0,0
TXN000193,2026-09-18 16:13:00,USER0567,MERCHANT0151,224.55,Shopping,Bill Payment,Delhi,Web,BHIM,14,Wednesday,0,360.21,-135.66,16,4,18,9,0,0,224.55,1,1.0,1,0,0
TXN000674,2026-09-18 16:13:00,USER0886,MERCHANT0047,125.03,Shopping,Bill Payment,Delhi,Android,Paytm,6,Saturday,1,306.88,-181.85,16,4,18,9,0,0,306.8766666666666,3,0.4074275224574477,3,0,0
TXN000378,2026-09-18 16:13:00,USER0946,MERCHANT0031,217.75,Entertainment,P2P,Chennai,Web,BHIM,22,Monday,0,217.75,0.0,16,4,18,9,0,0,217.75,1,1.0,1,0,0
TXN000822,2026-09-18 16:13:00,USER0645,MERCHANT0068,742.0,Grocery,Recharge,Chennai,Web,Google Pay,22,Thursday,0,742.0,0.0,16,4,18,9,0,0,742.0,1,1.0,1,0,1
TXN000082,2026-09-18 16:13:00,USER0072,MERCHANT0357,259.07,Shopping,Bill Payment,Hyderanbad,Web,BHIM,14,Thursday,0,174.64,84.43,16,4,18,9,0,0,259.07,1,1.0,1,0,0
TXN000489,2026-09-18 16:13:00,USER0324,MERCHANT0256,979.6,Travel,P2M,Hyderanbad,Web,PhonePe,22,Sunday,0,587.67,391.93,16,4,18,9,0,0,979.6,1,1.0,1,0,1
TXN000563,2026-09-18 16:13:00,USER0284,MERCHANT0137,433.17,Utilities,P2M,Pune,Web,BHIM,6,Sunday,0,491.25,-58.08,16,4,18,9,0,0,491.25,2,0.8817709923664122,2,0,0
TXN000859,2026-09-18 16:13:00,USER0476,MERCHANT0496,104.35,Utilities,P2P,Delhi,Android,BHIM,14,Thursday,0,100.07,4.28,16,4,18,9,0,0,100.075,2,1.042717961528853,2,0,0
TXN000637,2026-09-18 16:13:00,USER0802,MERCHANT0039,412.89,Shopping,Recharge,Chennai,Web,Google Pay,14,Saturday,0,412.89,0.0,16,4,18,9,0,0,412.89,1,1.0,1,0,0
TXN000896,2026-09-18 16:13:00,USER0245,MERCHANT0332,346.79,Travel,P2P,Pune,ios,BHIM,6,Thursday,0,253.15,93.64,16,4,18,9,0,0,346.79,1,1.0,1,0,0
TXN000970,2026-09-18 16:13:00,USER0818,MERCHANT0233,43.35,Healthcare,P2M,Mumbai,Web,PhonePe,14,Wednesday,0,43.35,0.0,16,4,18,9,0,0,43.35,1,1.0,1,0,0
TXN000341,2026-09-18 16:13:00,USER0827,MERCHANT0231,79.66,Grocery,Bill Payment,Hyderanbad,Android,BHIM,6,Tuesday,0,271.3,-191.64,16,4,18,9,0,0,324.32,3,0.2456216082881105,3,0,0
TXN000230,2026-09-18 16:13:00,USER0655,MERCHANT0379,357.67,Grocery,P2P,Pune,ios,Paytm,6,Wednesday,0,327.78,29.89,16,4,18,9,0,0,327.78,2,1.091189212276527,2,0,0
TXN000045,2026-09-18 16:13:00,USER0349,MERCHANT0359,41.33,Grocery,Bill Payment,Hyderanbad,Android,Google Pay,22,Thursday,0,172.36,-131.03,16,4,18,9,0,0,41.33,1,1.0,1,0,0
TXN000597,2026-09-18 17:50:18,USER0374,MERCHANT0211,138.4,Shopping,Recharge,Hyderanbad,Android,PhonePe,9,Saturday,0,186.88,-48.48,17,4,18,9,0,0,138.4,1,1.0,1,0,0
TXN000782,2026-09-18 17:50:18,USER0692,MERCHANT0410,47.69,Food,P2M,Bangalore,ios,PhonePe,17,Thursday,0,77.18,-29.49,17,4,18,9,0,0,77.18,2,0.61790619331433,2,0,0
TXN000893,2026-09-18 17:50:18,USER0534,MERCHANT0469,526.72,Grocery,P2P,Pune,Android,PhonePe,17,Wednesday,0,526.72,0.0,17,4,18,9,0,0,526.72,1,1.0,1,0,0
TXN000264,2026-09-18 17:50:18,USER0750,MERCHANT0053,65.08,Shopping,P2M,Delhi,ios,Paytm,9,Tuesday,0,65.08,0.0,17,4,18,9,0,0,65.08,1,1.0,1,0,0
TXN000227,2026-09-18 17:50:18,USER0641,MERCHANT0095,193.31,Food,Bill Payment,Pune,Web,Google Pay,17,Tuesday,0,193.31,0.0,17,4,18,9,0,0,193.31,1,1.0,1,0,0
TXN000819,2026-09-18 17:50:18,USER0467,MERCHANT0213,196.82,Shopping,Recharge,Pune,Android,Paytm,9,Thursday,0,196.82,0.0,17,4,18,9,0,0,196.82,1,1.0,1,0,0
TXN000856,2026-09-18 17:50:18,USER0468,MERCHANT0371,102.44,Grocery,P2M,Mumbai,ios,BHIM,1,Thursday,1,102.44,0.0,17,4,18,9,0,0,102.44,1,1.0,1,0,0
TXN000560,2026-09-18 17:50:18,USER0650,MERCHANT0479,118.99,Entertainment,Bill Payment,Pune,Android,Paytm,17,Saturday,0,190.86,-71.87,17,4,18,9,0,0,118.99,1,1.0,1,0,0
TXN000190,2026-09-18 17:50:18,USER0542,MERCHANT0406,39.85,Shopping,P2P,Bangalore,Android,Paytm,1,Wednesday,1,175.98,-136.13,17,4,18,9,0,0,39.85,1,1.0,1,0,0
TXN000375,2026-09-18 17:50:18,USER0474,MERCHANT0424,1561.16,Entertainment,P2M,Pune,Web,BHIM,9,Monday,0,868.12,693.04,17,4,18,9,0,0,1561.16,1,1.0,1,0,1
TXN000745,2026-09-18 17:50:18,USER0317,MERCHANT0433,304.19,Utilities,Recharge,Pune,Android,Google Pay,1,Friday,1,304.19,0.0,17,4,18,9,0,0,304.19,1,1.0,1,0,0
TXN000338,2026-09-18 17:50:18,USER0249,MERCHANT0081,131.45,Grocery,P2P,Bangalore,Web,PhonePe,17,Monday,0,131.45,0.0,17,4,18,9,0,0,131.45,1,1.0,1,0,0
TXN000634,2026-09-18 17:50:18,USER0755,MERCHANT0336,118.29,Shopping,Bill Payment,Pune,Web,Google Pay,1,Saturday,1,127.49,-9.2,17,4,18,9,0,0,134.55,2,0.8791527313266443,2,0,0
TXN000412,2026-09-18 17:50:18,USER0803,MERCHANT0118,58.87,Utilities,P2P,Hyderanbad,Web,Paytm,1,Monday,1,126.4,-67.53,17,4,18,9,0,0,58.87,1,1.0,1,0,0
TXN000116,2026-09-18 17:50:18,USER0168,MERCHANT0363,245.07,Food,Recharge,Chennai,ios,Paytm,17,Wednesday,0,245.07,0.0,17,4,18,9,0,0,245.07,1,1.0,1,0,0
TXN000708,2026-09-18 17:50:18,USER0119,MERCHANT0446,1048.16,Utilities,P2M,Hyderanbad,Web,Paytm,9,Friday,0,503.89,544.27,17,4,18,9,0,0,503.8933333333334,3,2.0801227773073667,3,0,1
TXN000671,2026-09-18 17:50:18,USER0409,MERCHANT0148,630.23,Healthcare,Recharge,Mumbai,Web,Google Pay,17,Friday,0,381.07,249.16,17,4,18,9,0,0,630.23,1,1.0,1,0,0
TXN000486,2026-09-18 17:50:18,USER0661,MERCHANT0186,43.72,Entertainment,P2M,Bangalore,Web,Paytm,9,Sunday,0,43.72,0.0,17,4,18,9,0,0,43.72,1,1.0,1,0,0
TXN000523,2026-09-18 17:50:18,USER0009,MERCHANT0237,93.45,Food,Recharge,Pune,Web,PhonePe,1,Sunday,1,93.45,0.0,17,4,18,9,0,0,93.45,1,1.0,1,0,0
TXN000930,2026-09-18 17:50:18,USER0789,MERCHANT0381,169.74,Utilities,Bill Payment,Hyderanbad,ios,PhonePe,9,Wednesday,0,118.27,51.47,17,4,18,9,0,0,169.74,1,1.0,1,0,0
TXN000079,2026-09-18 17:50:18,USER0592,MERCHANT0322,198.69,Travel,Recharge,Mumbai,ios,BHIM,1,Thursday,1,198.69,0.0,17,4,18,9,0,0,198.69,1,1.0,1,0,0
TXN000042,2026-09-18 17:50:18,USER0164,MERCHANT0486,215.16,Utilities,P2M,Pune,Android,BHIM,9,Thursday,0,993.21,-778.05,17,4,18,9,0,0,1483.6999999999998,2,0.1450158387814248,2,0,0
TXN000005,2026-09-18 17:50:18,USER0282,MERCHANT0143,143.43,Food,P2M,Mumbai,ios,Google Pay,17,Thursday,0,148.4,-4.97,17,4,18,9,0,0,143.43,1,1.0,1,0,0
TXN000449,2026-09-18 17:50:18,USER0083,MERCHANT0344,108.43,Utilities,Recharge,Chennai,Android,BHIM,17,Sunday,0,245.38,-136.95,17,4,18,9,0,0,245.375,2,0.4418950585838003,2,0,0
TXN000153,2026-09-18 17:50:18,USER0470,MERCHANT0173,91.83,Utilities,P2M,Bangalore,Android,Paytm,9,Wednesday,0,461.62,-369.79,17,4,18,9,0,0,461.62,2,0.1989298557254885,2,0,0
TXN000301,2026-09-18 17:50:18,USER0124,MERCHANT0214,79.12,Travel,Recharge,Bangalore,ios,BHIM,1,Tuesday,1,79.12,0.0,17,4,18,9,0,0,79.12,1,1.0,1,0,0
TXN000967,2026-09-18 17:50:18,USER0345,MERCHANT0486,92.17,Travel,Recharge,Chennai,ios,Paytm,1,Wednesday,1,171.42,-79.25,17,4,18,9,0,0,171.415,2,0.5377009013213546,2,0,0
TXN000557,2026-09-18 19:27:36,USER0867,MERCHANT0438,111.32,Travel,P2P,Delhi,Web,BHIM,4,Saturday,1,111.32,0.0,19,4,18,9,0,0,111.32,1,1.0,1,0,0
TXN000076,2026-09-18 19:27:36,USER0907,MERCHANT0304,412.36,Utilities,P2P,Bangalore,ios,BHIM,12,Wednesday,0,385.56,26.8,19,4,18,9,0,0,412.36,1,1.0,1,0,0
TXN000113,2026-09-18 19:27:36,USER0547,MERCHANT0457,192.53,Entertainment,Bill Payment,Hyderanbad,Web,Google Pay,4,Wednesday,1,114.86,77.67,19,4,18,9,0,0,114.86,2,1.6762145220268152,2,0,0
TXN000964,2026-09-18 19:27:36,USER0498,MERCHANT0098,368.34,Travel,P2P,Bangalore,ios,Google Pay,12,Tuesday,0,267.72,100.62,19,4,18,9,0,0,310.0233333333333,3,1.1881041211951788,3,0,0
TXN000002,2026-09-18 19:27:36,USER0115,MERCHANT0390,157.86,Grocery,P2M,Mumbai,ios,Google Pay,4,Thursday,1,390.4,-232.54,19,4,18,9,0,0,230.44,2,0.6850373199097379,2,0,0
TXN000187,2026-09-18 19:27:36,USER0391,MERCHANT0365,290.98,Shopping,Bill Payment,Pune,Android,Paytm,12,Tuesday,0,290.98,0.0,19,4,18,9,0,0,290.98,1,1.0,1,0,0
TXN000520,2026-09-18 19:27:36,USER0827,MERCHANT0431,384.29,Healthcare,Recharge,Bangalore,ios,Paytm,12,Saturday,0,271.3,112.99,19,4,18,9,0,0,324.32,3,1.1849099654662063,3,0,0
TXN000927,2026-09-18 19:27:36,USER0431,MERCHANT0277,103.66,Entertainment,P2M,Delhi,Web,Paytm,20,Tuesday,0,86.9,16.76,19,4,18,9,0,0,103.66,1,1.0,1,0,0
TXN000890,2026-09-18 19:27:36,USER0284,MERCHANT0483,549.33,Shopping,Bill Payment,Mumbai,Web,Google Pay,4,Wednesday,1,491.25,58.08,19,4,18,9,0,0,491.25,2,1.118229007633588,2,0,0
TXN000150,2026-09-18 19:27:36,USER0906,MERCHANT0313,243.96,Shopping,P2M,Chennai,Web,BHIM,20,Tuesday,0,151.39,92.57,19,4,18,9,0,0,243.96,1,1.0,1,0,0
TXN000853,2026-09-18 19:27:36,USER0940,MERCHANT0116,95.83,Entertainment,Bill Payment,Pune,ios,BHIM,12,Wednesday,0,95.83,0.0,19,4,18,9,0,0,95.83,1,1.0,1,0,0
TXN000483,2026-09-18 19:27:36,USER0406,MERCHANT0028,36.36,Food,Bill Payment,Pune,Android,Paytm,20,Saturday,0,170.93,-134.57,19,4,18,9,0,0,170.93,2,0.2127186567600772,2,0,0
TXN000446,2026-09-18 19:27:36,USER0059,MERCHANT0210,354.13,Travel,P2P,Pune,Web,Paytm,4,Sunday,1,639.02,-284.89,19,4,18,9,0,0,354.13,1,1.0,1,0,0
TXN000261,2026-09-18 19:27:36,USER0970,MERCHANT0445,71.74,Grocery,Bill Payment,Hyderanbad,Android,BHIM,20,Monday,0,69.84,1.9,19,4,18,9,0,0,71.74,1,1.0,1,0,0
TXN000668,2026-09-18 19:27:36,USER0025,MERCHANT0324,815.66,Utilities,P2M,Pune,ios,PhonePe,4,Friday,1,815.66,0.0,19,4,18,9,0,0,815.66,1,1.0,1,0,1
TXN000779,2026-09-18 19:27:36,USER0477,MERCHANT0463,168.27,Grocery,Recharge,Delhi,Web,Google Pay,4,Thursday,1,168.27,0.0,19,4,18,9,0,0,168.27,1,1.0,1,0,0
TXN000742,2026-09-18 19:27:36,USER0922,MERCHANT0354,50.42,Food,Recharge,Mumbai,ios,Google Pay,12,Thursday,0,428.55,-378.13,19,4,18,9,0,0,148.45,2,0.3396429774334793,2,0,0
TXN000594,2026-09-18 19:27:36,USER0131,MERCHANT0120,253.07,Utilities,Bill Payment,Bangalore,Web,BHIM,20,Friday,0,145.57,107.5,19,4,18,9,0,0,253.07,1,1.0,1,0,0
TXN000224,2026-09-18 19:27:36,USER0935,MERCHANT0487,36.14,Grocery,Recharge,Delhi,Web,Google Pay,4,Tuesday,1,36.14,0.0,19,4,18,9,0,0,36.14,1,1.0,1,0,0
TXN000335,2026-09-18 19:27:36,USER0585,MERCHANT0089,480.64,Shopping,Bill Payment,Pune,Android,Paytm,4,Monday,1,480.64,0.0,19,4,18,9,0,0,480.64,1,1.0,1,0,0
TXN000409,2026-09-18 19:27:36,USER0400,MERCHANT0129,204.44,Healthcare,P2M,Bangalore,ios,PhonePe,12,Sunday,0,133.3,71.14,19,4,18,9,0,0,204.44,1,1.0,1,0,0
TXN000631,2026-09-18 19:27:36,USER0423,MERCHANT0074,33.37,Food,P2P,Mumbai,ios,Google Pay,12,Friday,0,33.37,0.0,19,4,18,9,0,0,33.37,1,1.0,1,0,0
TXN000372,2026-09-18 19:27:36,USER0433,MERCHANT0077,298.27,Healthcare,P2M,Mumbai,ios,PhonePe,20,Sunday,0,140.09,158.18,19,4,18,9,0,0,142.07666666666668,3,2.099359500739037,3,0,0
TXN000298,2026-09-18 19:27:36,USER0922,MERCHANT0061,246.48,Healthcare,P2M,Pune,ios,Google Pay,12,Monday,0,428.55,-182.07,19,4,18,9,0,0,148.45,2,1.6603570225665207,2,0,0
TXN000039,2026-09-18 19:27:36,USER0007,MERCHANT0343,48.03,Utilities,Recharge,Bangalore,Web,PhonePe,20,Wednesday,0,49.21,-1.18,19,4,18,9,0,0,48.03,1,1.0,1,0,0
TXN000816,2026-09-18 19:27:36,USER0871,MERCHANT0152,41.04,Healthcare,P2M,Chennai,Android,Google Pay,20,Wednesday,0,41.04,0.0,19,4,18,9,0,0,41.04,1,1.0,1,0,0
TXN000705,2026-09-18 19:27:36,USER0447,MERCHANT0090,38.22,Entertainment,Recharge,Delhi,Android,PhonePe,20,Thursday,0,268.41,-230.19,19,4,18,9,0,0,129.43,2,0.2952947539210384,2,0,0
TXN000924,2026-09-18 21:04:54,USER0064,MERCHANT0381,90.01,Shopping,Recharge,Delhi,ios,BHIM,7,Tuesday,0,90.01,0.0,21,4,18,9,0,0,90.01,1,1.0,1,0,0
TXN000739,2026-09-18 21:04:54,USER0869,MERCHANT0328,958.6,Entertainment,P2M,Pune,ios,PhonePe,23,Wednesday,0,776.94,181.66,21,4,18,9,0,0,958.6,1,1.0,1,0,1
TXN000147,2026-09-18 21:04:54,USER0672,MERCHANT0385,52.62,Grocery,P2M,Delhi,Android,PhonePe,7,Tuesday,0,62.48,-9.86,21,4,18,9,0,0,52.62,1,1.0,1,0,0
TXN000406,2026-09-18 21:04:54,USER0169,MERCHANT0377,337.93,Grocery,Bill Payment,Delhi,Android,Paytm,23,Saturday,0,337.93,0.0,21,4,18,9,0,0,337.93,1,1.0,1,0,0
TXN000295,2026-09-18 21:04:54,USER0666,MERCHANT0156,259.05,Grocery,P2P,Pune,ios,Google Pay,23,Sunday,0,179.24,79.81,21,4,18,9,0,0,179.235,2,1.4453092308979831,2,0,0
TXN000628,2026-09-18 21:04:54,USER0831,MERCHANT0234,159.85,Travel,Recharge,Hyderanbad,Web,PhonePe,23,Thursday,0,100.08,59.77,21,4,18,9,0,0,159.85,1,1.0,1,0,0
TXN000998,2026-09-18 21:04:54,USER0217,MERCHANT0397,344.07,Grocery,P2M,Hyderanbad,ios,Paytm,15,Monday,0,268.52,75.55,21,4,18,9,0,0,344.07,1,1.0,1,0,0
TXN000036,2026-09-18 21:04:54,USER0285,MERCHANT0123,53.47,Healthcare,P2P,Chennai,Android,BHIM,7,Wednesday,0,90.78,-37.31,21,4,18,9,0,0,92.05,2,0.5808799565453557,2,0,0
TXN000480,2026-09-18 21:04:54,USER0322,MERCHANT0278,555.34,Grocery,P2M,Mumbai,ios,BHIM,7,Saturday,0,257.26,298.08,21,4,18,9,0,0,264.95666666666665,3,2.095965377986338,3,0,0
TXN000961,2026-09-18 21:04:54,USER0225,MERCHANT0032,344.72,Grocery,P2M,Pune,Web,PhonePe,23,Monday,0,147.54,197.18,21,4,18,9,0,0,201.85,2,1.707802823879118,2,0,0
TXN000332,2026-09-18 21:04:54,USER0741,MERCHANT0042,73.9,Entertainment,Bill Payment,Chennai,Web,Google Pay,15,Sunday,0,73.9,0.0,21,4,18,9,0,0,73.9,1,1.0,1,0,0
TXN000221,2026-09-18 21:04:54,USER0781,MERCHANT0062,1834.74,Healthcare,P2P,Hyderanbad,Web,Paytm,15,Monday,0,1088.22,746.52,21,4,18,9,0,0,1088.22,2,1.6860009924463804,2,0,1
TXN000591,2026-09-18 21:04:54,USER0566,MERCHANT0123,194.72,Healthcare,P2P,Bangalore,Web,Google Pay,7,Friday,1,227.46,-32.74,21,4,18,9,0,0,194.72,1,1.0,1,0,0
TXN000073,2026-09-18 21:04:54,USER0850,MERCHANT0367,174.89,Utilities,Recharge,Chennai,ios,BHIM,23,Tuesday,0,809.61,-634.72,21,4,18,9,0,0,174.89,1,1.0,1,0,0
TXN000443,2026-09-18 21:04:54,USER0874,MERCHANT0047,22.93,Food,Bill Payment,Mumbai,Android,PhonePe,15,Saturday,0,53.82,-30.89,21,4,18,9,0,0,61.010000000000005,2,0.3758400262252089,2,0,0
TXN000813,2026-09-18 21:04:54,USER0251,MERCHANT0068,770.45,Grocery,P2M,Delhi,Android,PhonePe,7,Wednesday,0,285.6,484.85,21,4,18,9,0,0,424.71,2,1.814061359515905,2,0,1
TXN000850,2026-09-18 21:04:54,USER0052,MERCHANT0073,106.59,Shopping,P2M,Mumbai,ios,PhonePe,23,Tuesday,0,113.63,-7.04,21,4,18,9,0,0,99.12,2,1.075363196125908,2,0,0
TXN000369,2026-09-18 21:04:54,USER0550,MERCHANT0279,199.87,Travel,Recharge,Mumbai,Android,Google Pay,7,Sunday,0,244.84,-44.97,21,4,18,9,0,0,258.735,2,0.7724892264285852,2,0,0
TXN000110,2026-09-18 21:04:54,USER0624,MERCHANT0492,168.27,Shopping,Recharge,Mumbai,ios,Google Pay,15,Tuesday,0,196.68,-28.41,21,4,18,9,0,0,168.27,1,1.0,1,0,0
TXN000554,2026-09-18 21:04:54,USER0258,MERCHANT0142,233.79,Entertainment,P2P,Mumbai,ios,BHIM,15,Friday,0,174.89,58.9,21,4,18,9,0,0,233.79,1,1.0,1,0,0
TXN000702,2026-09-18 21:04:54,USER0747,MERCHANT0406,517.5,Utilities,Bill Payment,Mumbai,Web,Paytm,7,Thursday,0,1024.51,-507.01,21,4,18,9,0,0,472.435,2,1.095388783642194,2,0,0
TXN000258,2026-09-18 21:04:54,USER0247,MERCHANT0484,89.33,Food,Bill Payment,Mumbai,ios,Paytm,7,Monday,0,89.33,0.0,21,4,18,9,0,0,89.33,1,1.0,1,0,0
TXN000184,2026-09-18 21:04:54,USER0611,MERCHANT0354,293.67,Entertainment,Recharge,Chennai,Web,BHIM,23,Monday,0,306.3,-12.63,21,4,18,9,0,0,375.185,2,0.7827338513000254,2,0,0
TXN000665,2026-09-18 21:04:54,USER0893,MERCHANT0317,88.87,Utilities,P2M,Mumbai,Android,BHIM,15,Thursday,0,88.87,0.0,21,4,18,9,0,0,88.87,1,1.0,1,0,0
TXN000517,2026-09-18 21:04:54,USER0721,MERCHANT0209,299.14,Food,Bill Payment,Chennai,Android,BHIM,23,Friday,0,299.14,0.0,21,4,18,9,0,0,299.14,1,1.0,1,0,0
TXN000887,2026-09-18 21:04:54,USER0254,MERCHANT0013,325.03,Travel,Bill Payment,Delhi,Android,Google Pay,15,Tuesday,0,214.28,110.75,21,4,18,9,0,0,325.03,1,1.0,1,0,0
TXN000776,2026-09-18 21:04:54,USER0622,MERCHANT0255,37.7,Utilities,Recharge,Mumbai,Web,PhonePe,15,Wednesday,0,120.38,-82.68,21,4,18,9,0,0,37.7,1,1.0,1,0,0
TXN000366,2026-09-18 22:42:12,USER0255,MERCHANT0102,121.36,Healthcare,P2P,Chennai,ios,Google Pay,18,Saturday,0,131.57,-10.21,22,4,18,9,0,0,121.36,1,1.0,1,0,0
TXN000662,2026-09-18 22:42:12,USER0313,MERCHANT0447,104.91,Food,Bill Payment,Hyderanbad,ios,Paytm,2,Thursday,1,104.91,0.0,22,4,18,9,0,0,104.91,1,1.0,1,0,0
TXN000995,2026-09-18 22:42:12,USER0267,MERCHANT0446,66.58,Healthcare,Recharge,Delhi,ios,Google Pay,2,Monday,1,66.58,0.0,22,4,18,9,0,0,66.58,1,1.0,1,0,0
TXN000107,2026-09-18 22:42:12,USER0700,MERCHANT0251,1195.34,Travel,P2P,Pune,Android,Paytm,2,Tuesday,1,1195.34,0.0,22,4,18,9,0,0,1195.34,1,1.0,1,0,1
TXN000958,2026-09-18 22:42:12,USER0920,MERCHANT0462,286.22,Utilities,P2P,Pune,ios,BHIM,10,Monday,0,380.62,-94.4,22,4,18,9,0,0,380.625,2,0.7519737274220033,2,0,0
TXN000514,2026-09-18 22:42:12,USER0449,MERCHANT0283,73.14,Grocery,P2P,Delhi,Web,PhonePe,10,Friday,0,259.41,-186.27,22,4,18,9,0,0,259.41,2,0.281947496241471,2,0,0
TXN000699,2026-09-18 22:42:12,USER0611,MERCHANT0211,456.7,Utilities,Recharge,Pune,Android,Google Pay,18,Wednesday,0,306.3,150.4,22,4,18,9,0,0,375.185,2,1.2172661486999747,2,0,0
TXN000144,2026-09-18 22:42:12,USER0736,MERCHANT0452,218.03,Travel,P2M,Delhi,ios,BHIM,18,Monday,0,158.49,59.54,22,4,18,9,0,0,167.07,2,1.3050218471299455,2,0,0
TXN000625,2026-09-18 22:42:12,USER0167,MERCHANT0052,891.75,Grocery,P2M,Bangalore,ios,PhonePe,10,Thursday,0,536.98,354.77,22,4,18,9,0,0,891.75,1,1.0,1,0,1
TXN000218,2026-09-18 22:42:12,USER0270,MERCHANT0370,143.05,Shopping,Recharge,Hyderanbad,ios,Google Pay,2,Monday,1,105.72,37.33,22,4,18,9,0,0,143.05,1,1.0,1,0,0
TXN000847,2026-09-18 22:42:12,USER0713,MERCHANT0240,242.06,Entertainment,P2M,Pune,Web,Paytm,10,Tuesday,0,142.34,99.72,22,4,18,9,0,0,142.335,2,1.7006358239364878,2,0,0
TXN000810,2026-09-18 22:42:12,USER0151,MERCHANT0297,74.1,Grocery,P2M,Mumbai,ios,Paytm,18,Tuesday,0,74.1,0.0,22,4,18,9,0,0,74.1,1,1.0,1,0,0
TXN000440,2026-09-18 22:42:12,USER0489,MERCHANT0417,171.48,Entertainment,P2P,Hyderanbad,Web,BHIM,2,Saturday,1,137.3,34.18,22,4,18,9,0,0,171.48,1,1.0,1,0,0
TXN000588,2026-09-18 22:42:12,USER0855,MERCHANT0446,77.49,Utilities,P2P,Pune,Web,BHIM,18,Thursday,0,160.62,-83.13,22,4,18,9,0,0,160.615,2,0.4824580518631509,2,0,0
TXN000033,2026-09-18 22:42:12,USER0226,MERCHANT0011,178.84,Grocery,Bill Payment,Chennai,ios,Google Pay,18,Tuesday,0,215.04,-36.2,22,4,18,9,0,0,178.84,1,1.0,1,0,0
TXN000255,2026-09-18 22:42:12,USER0315,MERCHANT0284,39.67,Entertainment,Bill Payment,Pune,ios,BHIM,18,Sunday,0,39.67,0.0,22,4,18,9,0,0,39.67,1,1.0,1,0,0
TXN000329,2026-09-18 22:42:12,USER0220,MERCHANT0109,338.36,Travel,Recharge,Bangalore,Web,PhonePe,2,Sunday,1,288.98,49.38,22,4,18,9,0,0,338.36,1,1.0,1,0,0
TXN000181,2026-09-18 22:42:12,USER0812,MERCHANT0285,338.89,Utilities,Bill Payment,Mumbai,Android,PhonePe,10,Monday,0,338.89,0.0,22,4,18,9,0,0,338.89,1,1.0,1,0,0
TXN000551,2026-09-18 22:42:12,USER0271,MERCHANT0070,197.67,Utilities,Recharge,Pune,Web,Google Pay,2,Friday,1,244.17,-46.5,22,4,18,9,0,0,339.26,2,0.5826504745622826,2,0,0
TXN000773,2026-09-18 22:42:12,USER0441,MERCHANT0467,341.18,Utilities,Recharge,Hyderanbad,Android,Google Pay,2,Wednesday,1,316.91,24.27,22,4,18,9,0,0,316.915,2,1.0765662717132356,2,0,0
TXN000292,2026-09-18 22:42:12,USER0320,MERCHANT0416,110.72,Entertainment,P2M,Pune,Web,Google Pay,10,Sunday,0,110.72,0.0,22,4,18,9,0,0,110.72,1,1.0,1,0,0
TXN000477,2026-09-18 22:42:12,USER0210,MERCHANT0001,322.65,Healthcare,Bill Payment,Bangalore,Android,BHIM,18,Friday,0,322.65,0.0,22,4,18,9,0,0,322.65,1,1.0,1,0,0
TXN000921,2026-09-18 22:42:12,USER0556,MERCHANT0190,530.4,Healthcare,Recharge,Bangalore,Android,BHIM,18,Monday,0,334.43,195.97,22,4,18,9,0,0,334.43,2,1.5859821188290524,2,0,0
TXN000736,2026-09-18 22:42:12,USER0639,MERCHANT0177,290.79,Grocery,Bill Payment,Pune,Android,PhonePe,10,Wednesday,0,290.79,0.0,22,4,18,9,0,0,290.79,1,1.0,1,0,0
TXN000403,2026-09-18 22:42:12,USER0411,MERCHANT0021,182.23,Shopping,P2M,Bangalore,Android,BHIM,10,Saturday,0,518.12,-335.89,22,4,18,9,0,0,182.23,1,1.0,1,0,0
TXN000884,2026-09-18 22:42:12,USER0461,MERCHANT0346,515.0,Food,P2M,Chennai,ios,Google Pay,2,Tuesday,1,515.0,0.0,22,4,18,9,0,0,515.0,1,1.0,1,0,0
TXN000070,2026-09-18 22:42:12,USER0081,MERCHANT0193,95.1,Grocery,P2M,Hyderanbad,Android,Google Pay,10,Tuesday,0,132.95,-37.85,22,4,18,9,0,0,95.1,1,1.0,1,0,0
